,location,url,name,biz_id,address,category,star_rating
0,ARGENTINA,https://www.yelp.com/biz/fukuro-noodle-bar-buenos-aires-2?osq=food,Fukuro Noodle Bar,fukuro-noodle-bar-buenos-aires-2,Costa Rica 5514,"['Japanese', 'Taiwanese']",4.5
1,ARGENTINA,https://www.yelp.com/biz/la-cocina-buenos-aires-2?osq=food,La Cocina,la-cocina-buenos-aires-2,Av. Pueyrredón 1508,"['Argentine', 'Empanadas']",4.5
2,ARGENTINA,https://www.yelp.com/biz/sarkis-buenos-aires-2?osq=food,Sarkis,sarkis-buenos-aires-2,Thames 1101,"['Arabian', 'Armenian', 'Middle Eastern']",4.5
3,ARGENTINA,https://www.yelp.com/biz/la-vermuter%C3%ADa-buenos-aires-3?osq=food,La Vermutería,la-vermuter%C3%ADa-buenos-aires-3,Lavalle 3780,"['Tapas Bars', 'Diners', 'Dive Bars']",4.0
4,ARGENTINA,https://www.yelp.com/biz/cachito-premium-buenos-aires-3?osq=food,Cachito Premium,cachito-premium-buenos-aires-3,Serrano 1106,"['Steakhouses', 'Sandwiches', 'Argentine']",4.0
5,ARGENTINA,https://www.yelp.com/biz/tintoreria-yafuso-buenos-aires?osq=food,Tintoreria Yafuso,tintoreria-yafuso-buenos-aires,Juan Ramirez de Velasco 399,"['Japanese', 'Sushi Bars']",5.0
6,ARGENTINA,https://www.yelp.com/biz/koko-buenos-aires?osq=food,Koko,koko-buenos-aires,Arévalo 1470,"['Vietnamese', 'Taiwanese', 'Asian Fusion']",4.5
7,ARGENTINA,https://www.yelp.com/biz/%C5%BEuti-buenos-aires?osq=food,Žuti,%C5%BEuti-buenos-aires,Honduras 5615,['Korean'],4.0
8,ARGENTINA,https://www.yelp.com/biz/la-pulperia-palermo?osq=food,La Pulperia,la-pulperia-palermo,Uriarte 1667,['Argentine'],5.0
9,ARGENTINA,https://www.yelp.com/biz/la-alacena-buenos-aires?osq=food,La Alacena,la-alacena-buenos-aires,Gascón 1401,"['Cafeteria', 'Breakfast & Brunch']",4.0
10,AUSTRALIA,https://www.yelp.com/biz/social-brew-cafe-pyrmont?osq=food,Social Brew Cafe,social-brew-cafe-pyrmont,224 Harris St,"['Cafes', 'Breakfast & Brunch', 'Coffee & Tea']",4.5
11,AUSTRALIA,https://www.yelp.com/biz/oiden-sydney?osq=food,Oiden,oiden-sydney,537-551 George St,['Japanese'],4.5
12,AUSTRALIA,https://www.yelp.com/biz/ribs-and-burgers-the-rocks-sydney?osq=food,Ribs & Burgers the Rocks,ribs-and-burgers-the-rocks-sydney,88 George St,"['Burgers', 'Steakhouses']",4.5
13,AUSTRALIA,https://www.yelp.com/biz/dead-ringer-sydney?osq=food,Dead Ringer,dead-ringer-sydney,413 Bourke St,['Australian'],4.5
14,AUSTRALIA,https://www.yelp.com/biz/hunter-and-barrel-sydney?osq=food,Hunter & Barrel,hunter-and-barrel-sydney,Tenancy 303,"['Australian', 'Chinese']",4.0
15,AUSTRALIA,https://www.yelp.com/biz/kusuka-on-sussex-street-sydney?osq=food,KUSUKA on Sussex street,kusuka-on-sussex-street-sydney,12/339 Sussex St,['Cafes'],5.0
16,AUSTRALIA,https://www.yelp.com/biz/concrete-jungle-chippendale?osq=food,Concrete Jungle,concrete-jungle-chippendale,58 Kensington St,['Cafes'],4.5
17,AUSTRALIA,https://www.yelp.com/biz/sydney-fish-market-pyrmont?osq=food,Sydney Fish Market,sydney-fish-market-pyrmont,Bank St,['Seafood Markets'],4.0
18,AUSTRALIA,https://www.yelp.com/biz/firedoor-surry-hills?osq=food,Firedoor,firedoor-surry-hills,23-33 Mary St,['Australian'],3.5
19,AUSTRALIA,https://www.yelp.com/biz/mr-wong-sydney?osq=food,Mr Wong,mr-wong-sydney,3 Bridge Ln,['Cantonese'],4.0
20,AUSTRIA,https://www.yelp.com/biz/berliner-d%C3%B6ner-wien?osq=food,Berliner Döner,berliner-d%C3%B6ner-wien,Zieglergasse 33 a,"['Food Stands', 'Kebab']",5.0
21,AUSTRIA,https://www.yelp.com/biz/bitzinger-wien-6?osq=food,Bitzinger,bitzinger-wien-6,Albertinaplatz 1,"['Curry Sausage', 'Food Stands', 'Hot Dogs']",4.0
22,AUSTRIA,https://www.yelp.com/biz/ramien-go-dc-tower-wien?osq=food,Ra’mien Go Dc Tower,ramien-go-dc-tower-wien,DC Tower,['Asian Fusion'],4.0
23,AUSTRIA,https://www.yelp.com/biz/the-breakfast-club-wien?osq=food,The Breakfast Club,the-breakfast-club-wien,Schleifmühlgasse 12 - 14,['Breakfast & Brunch'],4.5
24,AUSTRIA,https://www.yelp.com/biz/schachtelwirt-wien?osq=food,SchachtelWirt,schachtelwirt-wien,Judengasse 5,['Austrian'],5.0
25,AUSTRIA,https://www.yelp.com/biz/tortiller%C3%ADa-y-antojitos-mexikanos-wien?osq=food,Tortillería y Antojitos Mexikanos,tortiller%C3%ADa-y-antojitos-mexikanos-wien,Leopoldgasse 31,['Mexican'],4.0
26,AUSTRIA,https://www.yelp.com/biz/gasthaus-p%C3%B6schl-wien?osq=food,Gasthaus Pöschl,gasthaus-p%C3%B6schl-wien,Weihburggasse 17,"['Gastropubs', 'Austrian']",4.5
27,AUSTRIA,https://www.yelp.com/biz/fisch-am-karmelitermarkt-wien?osq=food,Fisch am Karmelitermarkt,fisch-am-karmelitermarkt-wien,Karmelitermarkt Stand 49 - 53,['Seafood Markets'],5.0
28,AUSTRIA,https://www.yelp.com/biz/das-kimchi-wien?osq=food,Das Kimchi,das-kimchi-wien,Marxergasse 15,['Korean'],4.5
29,AUSTRIA,https://www.yelp.com/biz/pizza-mari-wien-2?osq=food,Pizza Mari,pizza-mari-wien-2,Leopoldsgasse 23 a,['Pizza'],4.5
30,BELGIUM,https://www.yelp.com/biz/sushi-%C3%A0-la-vie-binche?osq=food,Sushi à la Vie,sushi-%C3%A0-la-vie-binche,Avenue Charles Deliège 21,['Sushi Bars'],4.5
31,BELGIUM,https://www.yelp.com/biz/il-truletto-ransart?osq=food,Il Truletto,il-truletto-ransart,Place Louis Delhaize 15,['Italian'],4.5
32,BELGIUM,https://www.yelp.com/biz/friterie-du-dock-sombreffe?osq=food,Friterie Du Dock,friterie-du-dock-sombreffe,Chaussee De Charleroi 52,"['Fast Food', 'Friterie']",5.0
33,BELGIUM,https://www.yelp.com/biz/le-peanuts-namur?osq=food,Le Peanuts,le-peanuts-namur,Rue de l'Ouvrage 3,"['Cafes', 'Brasseries', 'Belgian']",4.0
34,BELGIUM,https://www.yelp.com/biz/mex-et-go-louvain-la-neuve?osq=food,Mex & Go,mex-et-go-louvain-la-neuve,Rue du Sablon 52,"['Mexican', 'Fast Food']",4.0
35,BELGIUM,https://www.yelp.com/biz/san-marino-gembloux?osq=food,San Marino,san-marino-gembloux,Chaussée de Namur 16,"['Seafood', 'Italian']",5.0
36,BELGIUM,https://www.yelp.com/biz/chi-chis-gosselies-gosselies?osq=food,Chi Chi’s - Gosselies,chi-chis-gosselies-gosselies,Avenue des Etats-Unis 17,"['Mexican', 'Tex-Mex']",
37,BELGIUM,https://www.yelp.com/biz/sakura-binche?osq=food,Sakura,sakura-binche,Avenue Charles Deliège 11,['Japanese'],5.0
38,BELGIUM,https://www.yelp.com/biz/sozo-sushi-nivelles?osq=food,Sozo Sushi,sozo-sushi-nivelles,Rue de Saintes 21,"['Sushi Bars', 'Japanese']",5.0
39,BELGIUM,https://www.yelp.com/biz/le-1900-perwez?osq=food,Le 1900,le-1900-perwez,Grand Place 22,"['Brasseries', 'Belgian']",5.0
40,BRAZIL,https://www.yelp.com/biz/farol-do-cais-aruan%C3%A3?osq=food,Farol do Cais,farol-do-cais-aruan%C3%A3,Pça. Couto Magalhães  qd 10 lt 1,['Restaurants'],
41,BRAZIL,https://www.yelp.com/biz/estrada-do-sol-restaurante-e-camping-aruan%C3%A3?osq=food,Estrada do Sol Restaurante e Camping,estrada-do-sol-restaurante-e-camping-aruan%C3%A3,R. Sebastião Rosário 40,['Restaurants'],
42,BRAZIL,https://www.yelp.com/biz/izabete-leme-jomha-aruan%C3%A3?osq=food,Izabete Leme Jomha,izabete-leme-jomha-aruan%C3%A3,R. João Pinheiro Artiaga 221,['Restaurants'],
43,BRAZIL,https://www.yelp.com/biz/deposito-sao-marcos-aruan%C3%A3?osq=food,Deposito Sao Marcos,deposito-sao-marcos-aruan%C3%A3,R. Sebastião José Soares 14,[],
44,BRAZIL,https://www.yelp.com/biz/comercial-santiago-cocalinho?osq=food,Comercial Santiago,comercial-santiago-cocalinho,Av. Araguaia,[],
45,BRAZIL,https://www.yelp.com/biz/nivalda-farias-matos-de-almeida-aruan%C3%A3?osq=food,Nivalda Farias Matos de Almeida,nivalda-farias-matos-de-almeida-aruan%C3%A3,R. Sebastião Jerônimo Santos  qd 2 tr 18,['Diners'],
46,BRAZIL,https://www.yelp.com/biz/supermercado-sorriso-cocalinho?osq=food,Supermercado Sorriso,supermercado-sorriso-cocalinho,Av. Araguaia 1135,['Grocery'],
47,BRAZIL,https://www.yelp.com/biz/mercearia-servi-bem-cocalinho?osq=food,Mercearia Servi Bem,mercearia-servi-bem-cocalinho,R. C 3,['Grocery'],
48,BRAZIL,https://www.yelp.com/biz/lanchonete-dois-irm%C3%A3os-nova-crix%C3%A1s?osq=food,Lanchonete Dois Irmãos,lanchonete-dois-irm%C3%A3os-nova-crix%C3%A1s,R. 6  qd 9 lt 5,['Diners'],
49,BRAZIL,https://www.yelp.com/biz/lanchonete-dona-joaquina-mozarl%C3%A2ndia?osq=food,Lanchonete Dona Joaquina,lanchonete-dona-joaquina-mozarl%C3%A2ndia,Av. Marechal Rondon 43 qd 43 lt 21,['Diners'],
50,CANADA,https://www.yelp.com/biz/seven-lives-tacos-y-mariscos-toronto?osq=food,Seven Lives Tacos y Mariscos,seven-lives-tacos-y-mariscos-toronto,72 Kensington Avenue,['Mexican'],4.5
51,CANADA,https://www.yelp.com/biz/tokyo-hot-fried-chicken-toronto?osq=food,Tokyo Hot Fried Chicken,tokyo-hot-fried-chicken-toronto,,"['Food Trucks', 'Chicken Wings']",4.0
52,CANADA,https://www.yelp.com/biz/chen-chen-s-nashville-hot-chicken-toronto?osq=food,Chen Chen’s Nashville Hot Chicken,chen-chen-s-nashville-hot-chicken-toronto,1184 Queen Street W,"['Chicken Shop', 'Sandwiches']",5.0
53,CANADA,https://www.yelp.com/biz/marvelous-by-fred-toronto?osq=food,Marvelous by Fred,marvelous-by-fred-toronto,224 Queen Street W,"['Desserts', 'Bakeries', 'Waffles']",4.5
54,CANADA,https://www.yelp.com/biz/birria-catrina-toronto?osq=food,Birria Catrina,birria-catrina-toronto,214 Augusta Avenue,['Mexican'],4.0
55,CANADA,https://www.yelp.com/biz/egg-club-toronto?osq=food,Egg Club,egg-club-toronto,88 Dundas Street E,['Breakfast & Brunch'],4.5
56,CANADA,https://www.yelp.com/biz/katsuya-toronto-5?osq=food,Katsuya,katsuya-toronto-5,66 Gerrard Street E,"['Japanese', 'Asian Fusion']",4.5
57,CANADA,https://www.yelp.com/biz/barria-balam-toronto?osq=food,Barria Balam,barria-balam-toronto,147 Spadina Avenue,['Mexican'],5.0
58,CANADA,https://www.yelp.com/biz/pai-northern-thai-kitchen-toronto-5?osq=food,Pai Northern Thai Kitchen,pai-northern-thai-kitchen-toronto-5,18 Duncan Street,['Thai'],4.5
59,CANADA,https://www.yelp.com/biz/k-seoul-hotdog-toronto?osq=food,K Seoul Hotdog,k-seoul-hotdog-toronto,712 Bloor Street W,"['Hot Dogs', 'Korean']",4.0
60,CHILE,https://www.yelp.com/biz/fuente-alemana-santiago-2?osq=food,Fuente Alemana,fuente-alemana-santiago-2,Av. Libertador Bernardo O'Higgins 58,['Sandwiches'],4.5
61,CHILE,https://www.yelp.com/biz/la-burgues%C3%ADa-santiago?osq=food,La Burguesía,la-burgues%C3%ADa-santiago,Santa Magdalena 99,"['Burgers', 'Sandwiches']",4.5
62,CHILE,https://www.yelp.com/biz/galindo-santiago?osq=food,Galindo,galindo-santiago,Dardignac 98,"['Chilean', 'Bars']",4.0
63,CHILE,https://www.yelp.com/biz/barrica-94-santiago?osq=food,Barrica 94,barrica-94-santiago,Bellavista 052,"['Wine Bars', 'Chilean', 'Cocktail Bars']",4.5
64,CHILE,https://www.yelp.com/biz/in-pasta-santiago?osq=food,In Pasta,in-pasta-santiago,Sta. Isabel 0395,['Italian'],5.0
65,CHILE,https://www.yelp.com/biz/sheng-xing-santiago?osq=food,Sheng Xing,sheng-xing-santiago,España 101-107,['Dim Sum'],4.0
66,CHILE,https://www.yelp.com/biz/biwon-santiago?osq=food,Biwon,biwon-santiago,Coronel 2376,['Korean'],5.0
67,CHILE,https://www.yelp.com/biz/lucky-panda-santiago?osq=food,Lucky Panda,lucky-panda-santiago,Arturo Prat 16,"['Fast Food', 'Chinese']",4.0
68,CHILE,https://www.yelp.com/biz/vegan-bunker-santiago-2?osq=food,Vegan Bunker,vegan-bunker-santiago-2,Fresia 529,"['Vegetarian', 'Vegan']",4.5
69,CHILE,https://www.yelp.com/biz/empanadas-tinita-santiago?osq=food,Empanadas Tinita,empanadas-tinita-santiago,Antonio Bellet 58,"['Bakeries', 'Empanadas']",4.5
70,CZECH REPUBLIC,https://www.yelp.com/biz/mlejnice-praha?osq=food,Mlejnice,mlejnice-praha,Kožná 488/14,"['Czech', 'Barbeque']",4.0
71,CZECH REPUBLIC,https://www.yelp.com/biz/pivovar-u-t%C5%99%C3%AD-r%C5%AF%C5%BE%C3%AD-praha?osq=food,Pivovar U Tří růží,pivovar-u-t%C5%99%C3%AD-r%C5%AF%C5%BE%C3%AD-praha,Husova 10,"['Czech', 'Brewpubs']",4.5
72,CZECH REPUBLIC,https://www.yelp.com/biz/meat-a-greet-praha?osq=food,Meat & Greet,meat-a-greet-praha,Senovážné náměstí 994/2,"['Burgers', 'Czech']",4.5
73,CZECH REPUBLIC,https://www.yelp.com/biz/den-noc-praha?osq=food,Den Noc,den-noc-praha,Templová 7,"['Bistros', 'Coffee & Tea', 'Pancakes']",4.5
74,CZECH REPUBLIC,https://www.yelp.com/biz/caf%C3%A9-savoy-praha?osq=food,Café Savoy,caf%C3%A9-savoy-praha,Vítězná 124/5,"['Cafes', 'Breakfast & Brunch', 'Czech']",4.5
75,CZECH REPUBLIC,https://www.yelp.com/biz/lok%C3%A1l-dlouh%C3%A1%C3%A1%C3%A1-praha?osq=food,Lokál Dlouhááá,lok%C3%A1l-dlouh%C3%A1%C3%A1%C3%A1-praha,Dlouhá 33,['Czech'],4.0
76,CZECH REPUBLIC,https://www.yelp.com/biz/bibimbap-korea-praha-praha-3?osq=food,Bibimbap Korea Praha,bibimbap-korea-praha-praha-3,Chlumova 1,"['Korean', 'Specialty Food', 'Asian Fusion']",4.5
77,CZECH REPUBLIC,https://www.yelp.com/biz/burrito-loco-praha-4?osq=food,Burrito Loco,burrito-loco-praha-4,Masná 2,['Mexican'],4.0
78,CZECH REPUBLIC,https://www.yelp.com/biz/p%C3%A1rek-v-rohl%C3%ADku-praha?osq=food,Párek v rohlíku,p%C3%A1rek-v-rohl%C3%ADku-praha,Náměstí Míru,['Food Stands'],4.5
79,CZECH REPUBLIC,https://www.yelp.com/biz/restaurace-husinec-praha?osq=food,Restaurace Husinec,restaurace-husinec-praha,Mezibranská 13,"['Czech', 'Slovakian', 'Hungarian']",4.5
80,DENMARK,https://www.yelp.com/biz/anneberg-caf%C3%A9-og-restaurant-nyk%C3%B8bing-sj?osq=food,Anneberg Café & Restaurant,anneberg-caf%C3%A9-og-restaurant-nyk%C3%B8bing-sj,Annebjerg Stræde 2,['Restaurants'],5.0
81,DENMARK,https://www.yelp.com/biz/dim-sum-og-stick-frederikssund-2?osq=food,Dim Sum & Stick,dim-sum-og-stick-frederikssund-2,Havnegade 16,['Dim Sum'],5.0
82,DENMARK,https://www.yelp.com/biz/restaurant-gilleleje-havn-gilleleje?osq=food,Restaurant Gilleleje Havn,restaurant-gilleleje-havn-gilleleje,Havnevej 14,['Restaurants'],4.0
83,DENMARK,https://www.yelp.com/biz/odden-fisk-sjaellands-odde?osq=food,Odden Fisk,odden-fisk-sjaellands-odde,Vestre Havnevej 39,['Meat Shops'],5.0
84,DENMARK,https://www.yelp.com/biz/rib-house-hiller%C3%B8d-hiller%C3%B8d?osq=food,Rib-House Hillerød,rib-house-hiller%C3%B8d-hiller%C3%B8d,Slotsgade 52,['American (New)'],4.0
85,DENMARK,https://www.yelp.com/biz/galanga-hiller%C3%B8d?osq=food,Galanga,galanga-hiller%C3%B8d,Slotsgade 61,['Thai'],5.0
86,DENMARK,https://www.yelp.com/biz/restaurant-fyrkroen-gilleleje?osq=food,Restaurant Fyrkroen,restaurant-fyrkroen-gilleleje,Fyrvejen 29,['Restaurants'],4.5
87,DENMARK,https://www.yelp.com/biz/yousushi-aller%C3%B8d?osq=food,YouSushi,yousushi-aller%C3%B8d,Allerød Stationsvej 3,['Sushi Bars'],4.5
88,DENMARK,https://www.yelp.com/biz/haveje-gudmindrup-h%C3%B8jby?osq=food,Haveje Gudmindrup,haveje-gudmindrup-h%C3%B8jby,Gudmindrup Strandvej 59,"['Burgers', 'Ice Cream & Frozen Yogurt']",4.0
89,DENMARK,https://www.yelp.com/biz/rabarberg%C3%A5rden-vejby?osq=food,Rabarbergården,rabarberg%C3%A5rden-vejby,Holløse Gade 21,['Restaurants'],5.0
90,FINLAND,https://www.yelp.com/biz/da-mario-oulu?osq=food,Da Mario,da-mario-oulu,Torikatu 24,['Pizza'],5.0
91,FINLAND,https://www.yelp.com/biz/phuket-thai-take-away-oulu?osq=food,Phuket Thai Take Away,phuket-thai-take-away-oulu,Kauppurienkatu 4,['Thai'],4.0
92,FINLAND,https://www.yelp.com/biz/la-torrefazione-oulu?osq=food,La Torrefazione,la-torrefazione-oulu,Isokatu 25,"['Italian', 'Breakfast & Brunch', 'Coffee & Tea']",5.0
93,FINLAND,https://www.yelp.com/biz/ravintola-pannu-oulu-2?osq=food,Ravintola Pannu,ravintola-pannu-oulu-2,Kauppurienkatu 12,['Italian'],4.5
94,FINLAND,https://www.yelp.com/biz/da-max-oulu?osq=food,Da Max,da-max-oulu,Kauppurienkatu 5,"['Pizza', 'Burgers']",4.0
95,FINLAND,https://www.yelp.com/biz/kauppuri-5-oulu-3?osq=food,Kauppuri 5,kauppuri-5-oulu-3,Kauppurienkatu 5,"['Burgers', 'Beer, Wine & Spirits', 'American (Traditional)']",4.5
96,FINLAND,https://www.yelp.com/biz/ravintola-hella-oulu?osq=food,Ravintola Hella,ravintola-hella-oulu,Isokatu 13,['Modern European'],5.0
97,FINLAND,https://www.yelp.com/biz/j%C3%A4rvigrilli-oulu?osq=food,Järvigrilli,j%C3%A4rvigrilli-oulu,Järvitie,['Fast Food'],5.0
98,FINLAND,https://www.yelp.com/biz/noodle-bar9-oulu?osq=food,Noodle Bar9,noodle-bar9-oulu,Merikoskenkatu 9,['Asian Fusion'],4.5
99,FINLAND,https://www.yelp.com/biz/cafe-rooster-oulu?osq=food,Cafe Rooster,cafe-rooster-oulu,Torikatu 26,"['Coffee & Tea', 'Breakfast & Brunch', 'Burgers']",5.0
100,FRANCE,https://www.yelp.com/biz/roomies-paris?osq=food,Roomies,roomies-paris,14 rue du Cygne,['Burgers'],4.5
101,FRANCE,https://www.yelp.com/biz/sanukiya-paris?osq=food,Sanukiya,sanukiya-paris,9 rue d'Argenteuil,['Japanese'],4.5
102,FRANCE,https://www.yelp.com/biz/caf%C3%A9-plume-paris-2?osq=food,Café Plume,caf%C3%A9-plume-paris-2,164 rue Saint-Honoré,['Brasseries'],4.5
103,FRANCE,https://www.yelp.com/biz/l-avant-comptoir-paris-3?osq=food,L’Avant Comptoir,l-avant-comptoir-paris-3,,"['Tapas Bars', 'Wine Bars']",4.5
104,FRANCE,https://www.yelp.com/biz/chez-le-libanais-paris?osq=food,Chez le Libanais,chez-le-libanais-paris,35 et 36 rue Saint-André-des-Arts,['Lebanese'],4.5
105,FRANCE,https://www.yelp.com/biz/le-boui-boui-paris?osq=food,Le Boui Boui,le-boui-boui-paris,11 rue Marie Stuart,['French'],4.5
106,FRANCE,https://www.yelp.com/biz/homer-paris?osq=food,Homer,homer-paris,21 rue Rambuteau,['Fast Food'],4.5
107,FRANCE,https://www.yelp.com/biz/boulangerie-julien-paris-3?osq=food,Boulangerie Julien,boulangerie-julien-paris-3,75 rue Saint-Honoré,['Bakeries'],4.5
108,FRANCE,https://www.yelp.com/biz/fresh-noodles-et-wok-paris?osq=food,Fresh Noodles & Wok,fresh-noodles-et-wok-paris,23 rue Saint-Denis,"['Chinese', 'Pan Asian']",4.5
109,FRANCE,https://www.yelp.com/biz/cr%C3%AAperie-saint-eustache-paris-2?osq=food,Crêperie Saint Eustache,cr%C3%AAperie-saint-eustache-paris-2,2 rue Sauval,['Creperies'],4.5
110,GERMANY,https://www.yelp.com/biz/stadtklause-berlin?osq=food,Stadtklause,stadtklause-berlin,Bernburger Str. 35,['German'],4.5
111,GERMANY,https://www.yelp.com/biz/burgermeister-berlin?osq=food,Burgermeister,burgermeister-berlin,Oberbaumstr. 8,"['Fast Food', 'Burgers']",4.0
112,GERMANY,https://www.yelp.com/biz/momotaro-tavern-berlin?osq=food,Momotaro Tavern,momotaro-tavern-berlin,Panoramastr. 1 A,"['Burgers', 'Asian Fusion']",4.5
113,GERMANY,https://www.yelp.com/biz/southern-vittles-berlin-2?osq=food,Southern Vittles,southern-vittles-berlin-2,Lychener Str. 6,['American (Traditional)'],4.5
114,GERMANY,https://www.yelp.com/biz/birdhouse-imbiss-berlin?osq=food,Birdhouse Imbiss,birdhouse-imbiss-berlin,Heidestr. 58,['Food Stands'],5.0
115,GERMANY,https://www.yelp.com/biz/marthas-berlin-2?osq=food,Marthas,marthas-berlin-2,Mehringdamm 40,"['Burgers', 'Fast Food']",4.5
116,GERMANY,https://www.yelp.com/biz/pret-a-manger-berlin?osq=food,Pret A Manger,pret-a-manger-berlin,,"['Coffee & Tea', 'Breakfast & Brunch', 'Sandwiches']",4.5
117,GERMANY,https://www.yelp.com/biz/hellogoodpie-berlin?osq=food,Hellogoodpie,hellogoodpie-berlin,Falckensteinstr. 9,['Desserts'],5.0
118,GERMANY,https://www.yelp.com/biz/style-stallone-sandwichbar-berlin?osq=food,Style Stallone Sandwichbar,style-stallone-sandwichbar-berlin,Reuterstr. 57,['Sandwiches'],5.0
119,GERMANY,https://www.yelp.com/biz/cocolo-ramen-berlin?osq=food,Cocolo Ramen,cocolo-ramen-berlin,Gipsstr. 3,['Ramen'],4.0
120,HONG KONG,https://www.yelp.com/biz/%E5%8F%A3%E5%88%A9%E7%A6%8F-%E9%A6%99%E6%B8%AF?osq=food,Ho Lee Fook,%E5%8F%A3%E5%88%A9%E7%A6%8F-%E9%A6%99%E6%B8%AF,"G/F, 1-5 Elgin Street, 伊利近街1-5號地下","['Asian Fusion', 'Cantonese']",4.5
121,HONG KONG,https://www.yelp.com/biz/%E7%BF%A0%E8%8F%AF%E9%A4%90%E5%BB%B3-%E9%A6%99%E6%B8%AF-8?osq=food,Tsui Wah Restaurant,%E7%BF%A0%E8%8F%AF%E9%A4%90%E5%BB%B3-%E9%A6%99%E6%B8%AF-8,"A-C, G/F, Tsau Wan Mansion, 27-33 Chung On Street, 眾安街27-33號秋雲大廈地下",['Hong Kong Style Cafe'],4.5
122,HONG KONG,https://www.yelp.com/biz/27-kebab-house-turkish-restaurant-%E9%A6%99%E6%B8%AF-3?osq=food,27 Kebab House Turkish Restaurant,27-kebab-house-turkish-restaurant-%E9%A6%99%E6%B8%AF-3,"Shop D - E, 27 Hollywood Road, 荷李活道27號地下D-E號鋪","['Turkish', 'Imported Food']",4.5
123,HONG KONG,https://www.yelp.com/biz/%E8%8F%AF%E5%AB%82%E5%86%B0%E5%AE%A4-%E9%A6%99%E6%B8%AF-2?osq=food,Mrs Tang Cafe,%E8%8F%AF%E5%AB%82%E5%86%B0%E5%AE%A4-%E9%A6%99%E6%B8%AF-2,"Hang Tau Tsuen, Ping Shan, 屏山坑頭村",['Hong Kong Style Cafe'],4.5
124,HONG KONG,https://www.yelp.com/biz/%E5%9D%A4%E8%A8%98%E7%B2%A5%E5%93%81-%E9%A6%99%E6%B8%AF?osq=food,坤記粥品,%E5%9D%A4%E8%A8%98%E7%B2%A5%E5%93%81-%E9%A6%99%E6%B8%AF,"G/F, Tin On House, 78-96 Shek Yam Road, 石蔭路78-96號天安樓G/F",['Restaurants'],4.5
125,HONG KONG,https://www.yelp.com/biz/i-love-%E7%BF%A0%E8%8F%AF-%E9%A6%99%E6%B8%AF?osq=food,Tsui Wah Eatery,i-love-%E7%BF%A0%E8%8F%AF-%E9%A6%99%E6%B8%AF,,"['Fast Food', 'Hong Kong Style Cafe']",4.0
126,HONG KONG,https://www.yelp.com/biz/%E6%B7%BB%E5%A5%BD%E9%81%8B%E9%BB%9E%E5%BF%83%E5%B0%88%E9%96%80%E5%BA%97-%E9%A6%99%E6%B8%AF?osq=food,Tim Ho Wan,%E6%B7%BB%E5%A5%BD%E9%81%8B%E9%BB%9E%E5%BF%83%E5%B0%88%E9%96%80%E5%BA%97-%E9%A6%99%E6%B8%AF,,"['Cantonese', 'Dim Sum']",4.0
127,HONG KONG,https://www.yelp.com/biz/%E7%9B%9B%E8%A8%98%E9%BA%B5%E5%AE%B6-%E9%A6%99%E6%B8%AF?osq=food,Shing Kee Noodles,%E7%9B%9B%E8%A8%98%E9%BA%B5%E5%AE%B6-%E9%A6%99%E6%B8%AF,"Shop 5, Lek Yuen Estate Market, Sha Tin, 沙田瀝源熟食中心5號舖","['Congee', 'Hot Pot']",4.5
128,HONG KONG,https://www.yelp.com/biz/%E9%AE%AE%E5%85%A5%E5%9C%8D%E7%85%AE-%E9%A6%99%E6%B8%AF?osq=food,Market Hotpot,%E9%AE%AE%E5%85%A5%E5%9C%8D%E7%85%AE-%E9%A6%99%E6%B8%AF,,"['Hot Pot', 'Cantonese']",4.5
129,HONG KONG,https://www.yelp.com/biz/%E4%B9%9D%E8%A8%98%E7%89%9B%E8%85%A9-%E9%A6%99%E6%B8%AF?osq=food,Kau Kee Restaurant,%E4%B9%9D%E8%A8%98%E7%89%9B%E8%85%A9-%E9%A6%99%E6%B8%AF,"G/F, 21 Gough Street, 歌賦街21號地下","['Cantonese', 'Noodles']",4.0
130,ITALY,https://www.yelp.com/biz/uvafragola-latina?osq=food,Uvafragola,uvafragola-latina,Via Massimo d'Azeglio 13,['Italian'],4.5
131,ITALY,https://www.yelp.com/biz/i-fratelloni-anzio?osq=food,I Fratelloni,i-fratelloni-anzio,Viale alla Marina 40,['Italian'],5.0
132,ITALY,https://www.yelp.com/biz/ristorante-fraschetta-del-mare-anzio?osq=food,Ristorante Fraschetta Del Mare,ristorante-fraschetta-del-mare-anzio,Corso Popolo 38,['Seafood'],4.5
133,ITALY,https://www.yelp.com/biz/la-lampara-anzio?osq=food,La Lampara,la-lampara-anzio,Via Ardeatina 158,['Italian'],4.5
134,ITALY,https://www.yelp.com/biz/ristorante-elisio-nettuno?osq=food,Ristorante Elisio,ristorante-elisio-nettuno,Via Della Liberazione  50,['Italian'],5.0
135,ITALY,https://www.yelp.com/biz/il-marchese-del-grill-ciampino?osq=food,Il Marchese del Grill,il-marchese-del-grill-ciampino,Via della Folgarella 85,['Italian'],5.0
136,ITALY,https://www.yelp.com/biz/controcorrente-latina-2?osq=food,Controcorrente,controcorrente-latina-2,Via del Piccarello 27,"['Barbeque', 'Steakhouses', 'Sandwiches']",4.5
137,ITALY,https://www.yelp.com/biz/alceste-caff%C3%A8-anzio-2?osq=food,Alceste Caffè,alceste-caff%C3%A8-anzio-2,Via Porto Innocenziano 10,"['Breakfast & Brunch', 'Italian', 'Seafood']",5.0
138,ITALY,https://www.yelp.com/biz/il-maresciallo-latina?osq=food,Il Maresciallo,il-maresciallo-latina,Strada Foce Verde 93,['Steakhouses'],5.0
139,ITALY,https://www.yelp.com/biz/pinsaroma-latina?osq=food,Pinsaroma,pinsaroma-latina,Corso Giacomo Matteotti 32,"['Pizza', 'Rotisserie Chicken']",5.0
140,JAPAN,https://www.yelp.com/biz/%E3%82%B1%E3%83%B3%E3%82%BF%E3%83%83%E3%82%AD%E3%83%BC%E3%83%95%E3%83%A9%E3%82%A4%E3%83%89%E3%83%81%E3%82%AD%E3%83%B3-%E3%82%B5%E3%83%B3%E3%83%9D%E3%83%83%E3%83%97%E7%94%BA%E5%B1%8B%E5%BA%97-%E8%8D%92%E5%B7%9D%E5%8C%BA?osq=food,KFC Sunpop Machiya,%E3%82%B1%E3%83%B3%E3%82%BF%E3%83%83%E3%82%AD%E3%83%BC%E3%83%95%E3%83%A9%E3%82%A4%E3%83%89%E3%83%81%E3%82%AD%E3%83%B3-%E3%82%B5%E3%83%B3%E3%83%9D%E3%83%83%E3%83%97%E7%94%BA%E5%B1%8B%E5%BA%97-%E8%8D%92%E5%B7%9D%E5%8C%BA,荒川7-50-9,"['Fast Food', 'Chicken Shop', 'Burgers']",5.0
141,JAPAN,https://www.yelp.com/biz/%E4%B8%89%E5%AF%8C-%E5%8F%B0%E6%9D%B1%E5%8C%BA-2?osq=food,三富,%E4%B8%89%E5%AF%8C-%E5%8F%B0%E6%9D%B1%E5%8C%BA-2,入谷1丁目6-1,"['Seafood', 'Izakaya']",4.5
142,JAPAN,https://www.yelp.com/biz/%E7%82%89%E7%AB%AF%E6%A8%AA%E5%B1%B1-%E4%B8%AD%E5%A4%AE%E5%8C%BA?osq=food,Robata Yokoyama,%E7%82%89%E7%AB%AF%E6%A8%AA%E5%B1%B1-%E4%B8%AD%E5%A4%AE%E5%8C%BA,日本橋横山町 3-13,"['Robatayaki', 'Izakaya', 'Teppanyaki']",4.0
143,JAPAN,https://www.yelp.com/biz/sensing-touch-of-earth-%E5%8F%B0%E6%9D%B1%E5%8C%BA?osq=food,Sensing Touch of Earth,sensing-touch-of-earth-%E5%8F%B0%E6%9D%B1%E5%8C%BA,松が谷3-1-12,['Cafes'],4.5
144,JAPAN,https://www.yelp.com/biz/%E6%9D%B1%E7%85%A7%E5%AE%AE%E7%AC%AC%E4%B8%80%E5%A3%B2%E5%BA%97-%E5%8F%B0%E6%9D%B1%E5%8C%BA?osq=food,Tōshōgū Dai 1,%E6%9D%B1%E7%85%A7%E5%AE%AE%E7%AC%AC%E4%B8%80%E5%A3%B2%E5%BA%97-%E5%8F%B0%E6%9D%B1%E5%8C%BA,上野公園9-86,"['Japanese Curry', 'Udon', 'Cafeteria']",5.0
145,JAPAN,https://www.yelp.com/biz/%E6%B5%85%E8%8D%89%E3%81%AE%E8%B1%86%E6%9F%B4%E3%82%AB%E3%83%95%E3%82%A7-%E5%8F%B0%E6%9D%B1%E5%8C%BA?osq=food,Asakusa no Mameshiba Cafe,%E6%B5%85%E8%8D%89%E3%81%AE%E8%B1%86%E6%9F%B4%E3%82%AB%E3%83%95%E3%82%A7-%E5%8F%B0%E6%9D%B1%E5%8C%BA,浅草1-29-3,['Cafes'],5.0
146,JAPAN,https://www.yelp.com/biz/%E9%AD%9A%E8%B2%9D%E4%B8%89%E6%98%A7%E5%BD%AC-%E6%96%87%E4%BA%AC%E5%8C%BA?osq=food,魚貝三昧彬,%E9%AD%9A%E8%B2%9D%E4%B8%89%E6%98%A7%E5%BD%AC-%E6%96%87%E4%BA%AC%E5%8C%BA,千駄木3丁目38-8,['Seafood'],5.0
147,JAPAN,https://www.yelp.com/biz/%E7%A3%AF%E4%B8%B8%E6%B0%B4%E7%94%A3-%E4%BA%BA%E5%BD%A2%E7%94%BA%E5%BA%97-%E4%B8%AD%E5%A4%AE%E5%8C%BA?osq=food,Isomaru Suisan Ningyōchō,%E7%A3%AF%E4%B8%B8%E6%B0%B4%E7%94%A3-%E4%BA%BA%E5%BD%A2%E7%94%BA%E5%BA%97-%E4%B8%AD%E5%A4%AE%E5%8C%BA,日本橋人形町1-4-10,"['Seafood', 'Izakaya']",4.5
148,JAPAN,https://www.yelp.com/biz/%E4%B8%A1%E5%9B%BDtaiko-%E5%A2%A8%E7%94%B0%E5%8C%BA-2?osq=food,Ryokoku TAIKO,%E4%B8%A1%E5%9B%BDtaiko-%E5%A2%A8%E7%94%B0%E5%8C%BA-2,両国4-19-7,"['Yakitori', 'Izakaya', 'Gastropubs']",4.0
149,JAPAN,https://www.yelp.com/biz/%E7%B5%86%E9%BA%BA-%E4%B8%AD%E5%A4%AE%E5%8C%BA?osq=food,Banmen,%E7%B5%86%E9%BA%BA-%E4%B8%AD%E5%A4%AE%E5%8C%BA,日本橋久松町13-5,['Ramen'],4.0
150,MALAYSIA,https://www.yelp.com/biz/ali-muthu-and-ah-hock-kuala-lumpur?osq=food,"Ali, Muthu & Ah Hock",ali-muthu-and-ah-hock-kuala-lumpur,"13, Jalan Balai Polis","['Malaysian', 'Kopitiam']",4.0
151,MALAYSIA,https://www.yelp.com/biz/nasi-lemak-hilton-corner-kuala-lumpur?osq=food,Nasi Lemak Hilton Corner,nasi-lemak-hilton-corner-kuala-lumpur,Jalan Sultan Ismail,"['Malaysian', 'Nasi Lemak']",4.0
152,MALAYSIA,https://www.yelp.com/biz/opium-kuala-lumpur?osq=food,Opium,opium-kuala-lumpur,"50, Changkat Bukit Bintang",['Asian Fusion'],4.5
153,MALAYSIA,https://www.yelp.com/biz/hong-kee-claypot-chicken-rice-kuala-lumpur?osq=food,Hong Kee Claypot Chicken Rice,hong-kee-claypot-chicken-rice-kuala-lumpur,89A Jalan Sultan,"['Food Stands', 'Chinese', 'Malaysian']",4.5
154,MALAYSIA,https://www.yelp.com/biz/three-little-birds-coffee-kuala-lumpur?osq=food,Three Little Birds Cafe,three-little-birds-coffee-kuala-lumpur,"5, Persiaran Residen",['Coffee & Tea'],4.0
155,MALAYSIA,https://www.yelp.com/biz/kedai-makanan-yut-kee-kuala-lumpur?osq=food,Restoran Yut Kee,kedai-makanan-yut-kee-kuala-lumpur,"1, Jalan Kamunting",['Hainan'],4.0
156,MALAYSIA,https://www.yelp.com/biz/pudu-wai-sek-kai-kuala-lumpur?osq=food,Pudu Wai Sek Kai,pudu-wai-sek-kai-kuala-lumpur,"Jalan Sayur, Pudu",['Street Vendors'],5.0
157,MALAYSIA,https://www.yelp.com/biz/kazoku-ai-modern-teppanyaki-kitchen-kuala-lumpur?osq=food,Kazoku-Ai Modern Teppanyaki Kitchen,kazoku-ai-modern-teppanyaki-kitchen-kuala-lumpur,151 Old Klang Road,['Japanese'],5.0
158,MALAYSIA,https://www.yelp.com/biz/jalan-alor-kuala-lumpur?osq=food,Jalan Alor,jalan-alor-kuala-lumpur,Jalan Alor Bukit Bintang,['Street Vendors'],4.5
159,MALAYSIA,https://www.yelp.com/biz/nasi-lemak-babi-petaling-jaya?osq=food,Nasi Lemak Babi,nasi-lemak-babi-petaling-jaya,Jalan 21/11b,"['Chinese', 'Nasi Lemak']",3.5
160,MEXICO,https://www.yelp.com/biz/mariscos-la-charra-r%C3%ADo-grande?osq=food,Mariscos La Charra,mariscos-la-charra-r%C3%ADo-grande,Eva Samano de López Mateos 6,['Seafood'],
161,MEXICO,https://www.yelp.com/biz/tejabanes-fresnillo?osq=food,Tejabanes,tejabanes-fresnillo,Av. Hidalgo 659,['Cafeteria'],4.0
162,MEXICO,https://www.yelp.com/biz/lapa-y-lapa-centro?osq=food,Lapa & Lapa,lapa-y-lapa-centro,Av. M. Hidalgo 304,"['Seafood', 'Mexican']",4.5
163,MEXICO,https://www.yelp.com/biz/salda%C3%B1a-gomez-ma-del-carmen-ca%C3%B1itas?osq=food,Saldaña Gomez Ma. del Carmen,salda%C3%B1a-gomez-ma-del-carmen-ca%C3%B1itas,Luis Moya,['Restaurants'],
164,MEXICO,https://www.yelp.com/biz/mariscos-puerto-pe%C3%B1asco-jr-juan-aldama?osq=food,Mariscos Puerto Peñasco Jr,mariscos-puerto-pe%C3%B1asco-jr-juan-aldama,Av. Hidalgo 25,['Seafood'],
165,MEXICO,https://www.yelp.com/biz/antojitos-chilo-centro?osq=food,Antojitos Chilo,antojitos-chilo-centro,1o. de May 3,['Mexican'],
166,MEXICO,https://www.yelp.com/biz/gardens-restaurant-fresnillo?osq=food,Garden’s Restaurant,gardens-restaurant-fresnillo,Alvaro Obregon 6,['Seafood'],4.0
167,MEXICO,https://www.yelp.com/biz/gorditas-sarabia-ejido-del-centro?osq=food,Gorditas Sarabia,gorditas-sarabia-ejido-del-centro,Francisco Sarabia 75,['Mexican'],5.0
168,MEXICO,https://www.yelp.com/biz/el-buen-gusto-fresnillo?osq=food,El Buen Gusto,el-buen-gusto-fresnillo,Av M. Hidalgo 201,['Bakeries'],
169,MEXICO,https://www.yelp.com/biz/gaucin-ru%C3%ADz-lisbeth-monserrat-ca%C3%B1itas?osq=food,Gaucin Ruíz Lisbeth Monserrat,gaucin-ru%C3%ADz-lisbeth-monserrat-ca%C3%B1itas,Emiliano Zapata 10,['Grocery'],
170,NEW ZEALAND,https://www.yelp.com/biz/oceanz-seafood-mission-bay-auckland?osq=food,Oceanz Seafood Mission Bay,oceanz-seafood-mission-bay-auckland,2/33 Tamaki Drive,"['Seafood', 'Fish & Chips']",5.0
171,NEW ZEALAND,https://www.yelp.com/biz/depot-auckland?osq=food,Depot,depot-auckland,86 Federal St,"['Tapas/Small Plates', 'Seafood']",4.5
172,NEW ZEALAND,https://www.yelp.com/biz/federal-delicatessen-auckland?osq=food,Federal Delicatessen,federal-delicatessen-auckland,86 Federal St,"['American (Traditional)', 'Diners', 'Delicatessen']",4.5
173,NEW ZEALAND,https://www.yelp.com/biz/bannsang-auckland-2?osq=food,BannSang,bannsang-auckland-2,1C/47 High St,"['Korean', 'Asian Fusion']",4.5
174,NEW ZEALAND,https://www.yelp.com/biz/eden-noodles-cafe-auckland?osq=food,Eden Noodles Cafe,eden-noodles-cafe-auckland,105 Dominion Road,"['Chinese', 'Noodles']",4.5
175,NEW ZEALAND,https://www.yelp.com/biz/lord-of-the-fries-auckland-central-new-zealand?osq=food,Lord of the Fries,lord-of-the-fries-auckland-central-new-zealand,183 Karangahape Rd,"['Fast Food', 'Burgers', 'Hot Dogs']",4.0
176,NEW ZEALAND,https://www.yelp.com/biz/federal-and-wolfe-auckland-2?osq=food,Federal & Wolfe,federal-and-wolfe-auckland-2,10 Federal St,"['Cafes', 'Breakfast & Brunch']",4.5
177,NEW ZEALAND,https://www.yelp.com/biz/heizo-auckland-4?osq=food,Heizo,heizo-auckland-4,1-3 Short Street,['Japanese'],4.5
178,NEW ZEALAND,https://www.yelp.com/biz/fondou-caf%C3%A9-auckland?osq=food,Fondou Café,fondou-caf%C3%A9-auckland,157 Hobson St,"['Breakfast & Brunch', 'Bakeries', 'Coffee & Tea']",5.0
179,NEW ZEALAND,https://www.yelp.com/biz/rumi-auckland?osq=food,Rumi,rumi-auckland,251 Parnell Rd,['Persian/Iranian'],5.0
180,NORWAY,https://www.yelp.com/biz/naturupplevelser-viska-fredrika?osq=food,Naturupplevelser Viska,naturupplevelser-viska-fredrika,Lövås 13,"['Campgrounds', 'Restaurants']",
181,NORWAY,https://www.yelp.com/biz/lappmarksbr%C3%B6d-lycksele?osq=food,Lappmarksbröd,lappmarksbr%C3%B6d-lycksele,Tallträsk 181,['Bakeries'],
182,NORWAY,https://www.yelp.com/biz/kattisavans-camping-lycksele?osq=food,Kattisavans Camping,kattisavans-camping-lycksele,Kattisavan 34,"['Campgrounds', 'Grocery']",
183,NORWAY,https://www.yelp.com/biz/latikberg-livs-latikberg?osq=food,Latikberg Livs,latikberg-livs-latikberg,Lyckselevägen 30,['Grocery'],
184,NORWAY,https://www.yelp.com/biz/nolebrinks-schakt-och-skog-vilhelmina?osq=food,Nolebrinks Schakt & Skog,nolebrinks-schakt-och-skog-vilhelmina,Idvattnet 6,['Juice Bars & Smoothies'],
185,NORWAY,https://www.yelp.com/biz/cheechaiyaphum-pluemjit-fredrika?osq=food,"Cheechaiyaphum, Pluemjit",cheechaiyaphum-pluemjit-fredrika,Nordanås 506,['Juice Bars & Smoothies'],
186,NORWAY,https://www.yelp.com/biz/um-produkter-lycksele?osq=food,Um-Produkter,um-produkter-lycksele,Umgransele 10,['Bakeries'],
187,PHILIPPINES,https://www.yelp.com/biz/ilustrado-restaurant-manila?osq=food,Ilustrado Restaurant,ilustrado-restaurant-manila,744 Calle Real Del Palacio,"['Spanish', 'Filipino']",4.5
188,PHILIPPINES,https://www.yelp.com/biz/manam-comfort-filipino-makati?osq=food,Manam Comfort Filipino,manam-comfort-filipino-makati,Esperanza St Cor Makati Ave,['Filipino'],4.5
189,PHILIPPINES,https://www.yelp.com/biz/samgyupsalamat-manila?osq=food,Samgyupsalamat,samgyupsalamat-manila,911 Kapitan Tikong Street Corner Leon Guinto Street,['Korean'],4.5
190,PHILIPPINES,https://www.yelp.com/biz/spiral-pasay-2?osq=food,Spiral,spiral-pasay-2,Roxas Boulevard,"['Asian Fusion', 'Buffets']",4.0
191,PHILIPPINES,https://www.yelp.com/biz/cafe-ilang-ilang-manila?osq=food,Cafe Ilang-Ilang,cafe-ilang-ilang-manila,"Manila Hotel, One Rizal Park",['Buffets'],4.5
192,PHILIPPINES,https://www.yelp.com/biz/shawarma-snack-center-manila?osq=food,Shawarma Snack Center,shawarma-snack-center-manila,485 R Salas Street,"['Arabian', 'Lebanese']",4.0
193,PHILIPPINES,https://www.yelp.com/biz/sky-deck-view-bar-manila-2?osq=food,Sky Deck View Bar,sky-deck-view-bar-manila-2,"Muralla Cor Victoria St, Intramuros","['Lounges', 'Tapas Bars']",4.0
194,PHILIPPINES,https://www.yelp.com/biz/lugawan-sa-tejeros-makati?osq=food,Lugawan sa Tejeros,lugawan-sa-tejeros-makati,1066b Pasong Tamo Street,"['Fast Food', 'Filipino', 'Street Vendors']",4.5
195,PHILIPPINES,https://www.yelp.com/biz/the-aristocrat-manila?osq=food,The Aristocrat,the-aristocrat-manila,432 San Andres Street,"['Bakeries', 'Filipino', 'Barbeque']",3.5
196,PHILIPPINES,https://www.yelp.com/biz/ippudo-manila?osq=food,Ippudo,ippudo-manila,M. Adriatico Street,['Ramen'],4.5
197,POLAND,https://www.yelp.com/biz/tawerna-pepe-verde-%C5%82%C3%B3d%C5%BA?osq=food,Tawerna Pepe Verde,tawerna-pepe-verde-%C5%82%C3%B3d%C5%BA,ul. Ogrodowa 19A,['Polish'],4.5
198,POLAND,https://www.yelp.com/biz/karczma-u-chocho%C5%82a-%C5%82%C3%B3d%C5%BA?osq=food,Karczma u Chochoła,karczma-u-chocho%C5%82a-%C5%82%C3%B3d%C5%BA,ul. Piotrkowska 200,"['Polish', 'Venues & Event Spaces']",5.0
199,POLAND,https://www.yelp.com/biz/burger-king-parz%C4%99czew?osq=food,Burger King,burger-king-parz%C4%99czew,ul. Stary Chrząstów 17,['Fast Food'],
200,POLAND,https://www.yelp.com/biz/williamsburg-%C5%82%C3%B3d%C5%BA?osq=food,Williamsburg,williamsburg-%C5%82%C3%B3d%C5%BA,ul. Piotrkowska 6,"['Dance Clubs', 'Bars', 'Cafes']",5.0
201,POLAND,https://www.yelp.com/biz/szyby-lustra-%C5%82%C3%B3d%C5%BA?osq=food,Szyby Lustra,szyby-lustra-%C5%82%C3%B3d%C5%BA,al. Piłsudskiego 14,"['Bars', 'Cafes', 'Modern European']",5.0
202,POLAND,https://www.yelp.com/biz/gastromachina-%C5%82%C3%B3d%C5%BA?osq=food,Gastromachina,gastromachina-%C5%82%C3%B3d%C5%BA,ul. Piotrkowska 89,"['Burgers', 'Food Trucks']",5.0
203,POLAND,https://www.yelp.com/biz/ato-ramen-%C5%82%C3%B3d%C5%BA?osq=food,Ato Ramen,ato-ramen-%C5%82%C3%B3d%C5%BA,ul. Piotrkowska 138 / 140,['Ramen'],5.0
204,POLAND,https://www.yelp.com/biz/hot-spoon-%C5%82%C3%B3d%C5%BA?osq=food,Hot Spoon,hot-spoon-%C5%82%C3%B3d%C5%BA,ul. Drewnowska 58,"['Polish', 'Thai']",4.5
205,POLAND,https://www.yelp.com/biz/lokal-%C5%82%C3%B3d%C5%BA?osq=food,Lokal,lokal-%C5%82%C3%B3d%C5%BA,al. Leona Schillera 13,"['Modern European', 'Bars', 'Polish']",5.0
206,POLAND,https://www.yelp.com/biz/69-restauracja-bu%C5%82garska-%C5%82%C3%B3d%C5%BA?osq=food,69 Restauracja Bułgarska,69-restauracja-bu%C5%82garska-%C5%82%C3%B3d%C5%BA,ul. Piotrkowska 69,['Bulgarian'],5.0
207,PORTUGAL,https://www.yelp.com/biz/sr-lisboa-lisboa?osq=food,Sr. Lisboa,sr-lisboa-lisboa,"R. São José, 136","['Tapas/Small Plates', 'Portuguese']",5.0
208,PORTUGAL,https://www.yelp.com/biz/manteigaria-lisboa-3?osq=food,Manteigaria,manteigaria-lisboa-3,"R. do Loreto, 2","['Bakeries', 'Cafes']",5.0
209,PORTUGAL,https://www.yelp.com/biz/cervejaria-ramiro-lisboa?osq=food,Cervejaria Ramiro,cervejaria-ramiro-lisboa,"Av. Almirante Reis, 1 H","['Seafood', 'Beer Bar']",4.5
210,PORTUGAL,https://www.yelp.com/biz/frangasqueira-nacional-lisboa-2?osq=food,Frangasqueira Nacional,frangasqueira-nacional-lisboa-2,"R. Imprensa Nacional, 116C",['Barbeque'],4.5
211,PORTUGAL,https://www.yelp.com/biz/restaurante-o-arco-lisboa?osq=food,Restaurante O Arco,restaurante-o-arco-lisboa,"R. dos Sapateiros, 161-163",['Portuguese'],4.5
212,PORTUGAL,https://www.yelp.com/biz/ground-burguer-lisboa?osq=food,Ground Burguer,ground-burguer-lisboa,"Av. António Augusto Aguiar, 148","['American (Traditional)', 'Burgers']",4.0
213,PORTUGAL,https://www.yelp.com/biz/mcdonalds-lisboa-14?osq=food,McDonald’s,mcdonalds-lisboa-14,"Av. da República, 10","['Burgers', 'Fast Food']",4.0
214,PORTUGAL,https://www.yelp.com/biz/past%C3%A9is-de-bel%C3%A9m-lisboa-6?osq=food,Pastéis de Belém,past%C3%A9is-de-bel%C3%A9m-lisboa-6,"R. de Belém, 84- 92",['Bakeries'],4.5
215,PORTUGAL,https://www.yelp.com/biz/pistola-y-corazon-lisboa?osq=food,Pistola y Corazon,pistola-y-corazon-lisboa,"R. de Boavista, 16","['Mexican', 'Vegetarian']",4.5
216,PORTUGAL,https://www.yelp.com/biz/brooklyn-lisboa?osq=food,Brooklyn,brooklyn-lisboa,"Praça da Alegria, 35-37","['Portuguese', 'American (Traditional)', 'African']",4.5
217,SINGAPORE,https://www.yelp.com/biz/sungei-road-laksa-singapore-2?osq=food,Sungei Road Laksa,sungei-road-laksa-singapore-2,,"['Singaporean', 'Chinese', 'Noodles']",4.5
218,SINGAPORE,https://www.yelp.com/biz/lavender-food-hub-singapore?osq=food,Lavender Food Hub,lavender-food-hub-singapore,27 Foch Road,"['Food Court', 'Coffee & Tea']",4.5
219,SINGAPORE,https://www.yelp.com/biz/coriander-leaf-singapore-2?osq=food,Coriander Leaf,coriander-leaf-singapore-2,,['Asian Fusion'],4.5
220,SINGAPORE,https://www.yelp.com/biz/tian-tian-hainanese-chicken-rice-singapore-7?osq=food,Tian Tian Hainanese Chicken Rice,tian-tian-hainanese-chicken-rice-singapore-7,,"['Hainan', 'Chicken Shop']",4.0
221,SINGAPORE,https://www.yelp.com/biz/changi-village-hawker-centre-singapore?osq=food,Changi Village Hawker Centre,changi-village-hawker-centre-singapore,2 Changi Village Rd,['Hawker Centre'],4.0
222,SINGAPORE,https://www.yelp.com/biz/tai-hwa-pork-noodle-singapore?osq=food,Tai Hwa Pork Noodle,tai-hwa-pork-noodle-singapore,466 Crawford Lane,"['Chinese', 'Noodles']",4.0
223,SINGAPORE,https://www.yelp.com/biz/jb-ah-meng-singapore?osq=food,JB Ah Meng,jb-ah-meng-singapore,534 Geylang Rd,"['Chinese', 'Seafood']",4.5
224,SINGAPORE,https://www.yelp.com/biz/once-upon-a-thyme-singapore?osq=food,Once Upon A Thyme,once-upon-a-thyme-singapore,10 Sinaran Drive,"['Street Vendors', 'Italian']",4.5
225,SINGAPORE,https://www.yelp.com/biz/jumbo-seafood-singapore-4?osq=food,Jumbo Seafood,jumbo-seafood-singapore-4,,['Seafood'],4.0
226,SINGAPORE,https://www.yelp.com/biz/two-men-bagel-house-singapore?osq=food,Two Men Bagel House,two-men-bagel-house-singapore,,"['Bagels', 'Breakfast & Brunch', 'Sandwiches']",4.5
227,SPAIN,https://www.yelp.com/biz/el-sur-madrid?osq=food,El Sur,el-sur-madrid,"Calle de la Torrecilla del Leal, 12",['Tapas Bars'],4.5
228,SPAIN,https://www.yelp.com/biz/takos-al-pastor-madrid?osq=food,Takos al Pastor,takos-al-pastor-madrid,"Calle de la Abada, 2",['Mexican'],4.5
229,SPAIN,https://www.yelp.com/biz/carmencita-madrid?osq=food,Carmencita,carmencita-madrid,"Calle San Vicente Ferrer, 51","['Modern European', 'Tapas/Small Plates', 'Breakfast & Brunch']",4.5
230,SPAIN,https://www.yelp.com/biz/pizzaiolo-madrid?osq=food,Pizzaiolo,pizzaiolo-madrid,"Calle de Hortaleza, 84","['Italian', 'Pizza']",4.5
231,SPAIN,https://www.yelp.com/biz/tinto-y-tapas-madrid?osq=food,Tinto y Tapas,tinto-y-tapas-madrid,"Calle de Almadén, 14","['Tapas Bars', 'Wine Bars', 'Tabernas']",4.5
232,SPAIN,https://www.yelp.com/biz/oink-madrid-2?osq=food,Oink,oink-madrid-2,"Calle Gran Via, 22","['Spanish', 'Sandwiches']",4.5
233,SPAIN,https://www.yelp.com/biz/mercado-de-san-miguel-madrid-2?osq=food,Mercado de San Miguel,mercado-de-san-miguel-madrid-2,"Plaza de San Miguel, s/n",['Farmers Market'],4.5
234,SPAIN,https://www.yelp.com/biz/bot%C3%ADn-madrid-3?osq=food,Botín,bot%C3%ADn-madrid-3,"Calle de Cuchilleros, 17","['Spanish', 'Steakhouses']",4.0
235,SPAIN,https://www.yelp.com/biz/mercado-de-san-ant%C3%B3n-madrid-2?osq=food,Mercado de San Antón,mercado-de-san-ant%C3%B3n-madrid-2,"Calle de Augusto Figueroa, 24",['Farmers Market'],4.0
236,SPAIN,https://www.yelp.com/biz/caf%C3%A9-de-la-luz-madrid-2?osq=food,Café de la Luz,caf%C3%A9-de-la-luz-madrid-2,"Calle de la Puebla, 8","['Coffee & Tea', 'Breakfast & Brunch']",4.5
237,UNITED KINGDOM,https://www.yelp.com/biz/the-mac-factory-london?osq=food,The Mac Factory,the-mac-factory-london,Camden lock,['Food Trucks'],4.5
238,UNITED KINGDOM,https://www.yelp.com/biz/padella-london-3?osq=food,Padella,padella-london-3,6 Southwark Street,['Italian'],4.5
239,UNITED KINGDOM,https://www.yelp.com/biz/mestizo-london?osq=food,Mestizo,mestizo-london,103 Hampstead Road,"['Mexican', 'Bars']",4.0
240,UNITED KINGDOM,https://www.yelp.com/biz/baileys-fish-and-chips-london?osq=food,Bailey’s Fish and Chips,baileys-fish-and-chips-london,115 Dawes Road,['Fish & Chips'],4.5
241,UNITED KINGDOM,https://www.yelp.com/biz/abeno-london?osq=food,Abeno,abeno-london,47 Museum Street,['Japanese'],4.5
242,UNITED KINGDOM,https://www.yelp.com/biz/cereal-killer-cafe-london?osq=food,Cereal Killer Cafe,cereal-killer-cafe-london,192 Brick Lane,"['Cafes', 'Venues & Event Spaces']",4.0
243,UNITED KINGDOM,https://www.yelp.com/biz/mamak-don-london?osq=food,Mamak Don,mamak-don-london,9 Parkway,['Malaysian'],4.5
244,UNITED KINGDOM,https://www.yelp.com/biz/bento-bab-london?osq=food,Bento Bab,bento-bab-london,12 Hooper Street,['Korean'],5.0
245,UNITED KINGDOM,https://www.yelp.com/biz/jinjuu-london?osq=food,Jinjuu,jinjuu-london,15 Kingly Street,['Korean'],4.0
246,UNITED KINGDOM,https://www.yelp.com/biz/burger-and-lobster-london-7?osq=food,Burger & Lobster,burger-and-lobster-london-7,109 - 125 Knightsbridge,"['American (Traditional)', 'Seafood', 'Burgers']",4.5
247,America,https://www.yelp.com/biz/little-miss-bbq-university-phoenix?osq=food,Little Miss BBQ-University,little-miss-bbq-university-phoenix,4301 E University Dr,['Barbeque'],5.0
248,America,https://www.yelp.com/biz/monroes-hot-chicken-phoenix?osq=food,Monroe’s Hot Chicken,monroes-hot-chicken-phoenix,45 W Jefferson St,['Chicken Shop'],4.0
249,America,https://www.yelp.com/biz/cocina-madrigal-phoenix?osq=food,Cocina Madrigal,cocina-madrigal-phoenix,4044 S 16th St,['Mexican'],5.0
250,America,https://www.yelp.com/biz/the-arrogant-butcher-phoenix-3?osq=food,The Arrogant Butcher,the-arrogant-butcher-phoenix-3,,"['American (New)', 'Gastropubs', 'Seafood']",4.0
251,America,https://www.yelp.com/biz/the-bread-and-honey-house-phoenix?osq=food,The Bread and Honey House,the-bread-and-honey-house-phoenix,4700 E Van Buren St,"['Cafes', 'Breakfast & Brunch']",5.0
252,America,https://www.yelp.com/biz/killer-whale-sex-club-phoenix?osq=food,Killer Whale Sex Club,killer-whale-sex-club-phoenix,922 N 6th St,"['Cocktail Bars', 'Filipino', 'Korean']",4.5
253,America,https://www.yelp.com/biz/the-kettle-black-kitchen-and-pub-phoenix?osq=food,The Kettle Black Kitchen & Pub,the-kettle-black-kitchen-and-pub-phoenix,1 N 1st St,"['Gastropubs', 'American (Traditional)', 'Fish & Chips']",4.5
254,America,https://www.yelp.com/biz/phx-burrito-house-phoenix?osq=food,PHX Burrito House,phx-burrito-house-phoenix,4140 N 7th Ave,['Mexican'],4.5
255,America,https://www.yelp.com/biz/harumi-sushi-and-sake-phoenix?osq=food,Harumi Sushi & Sake,harumi-sushi-and-sake-phoenix,114 W Adams St,"['Japanese', 'Sushi Bars', 'Seafood']",4.5
256,America,https://www.yelp.com/biz/hint-of-soul-phoenix?osq=food,Hint of Soul,hint-of-soul-phoenix,3801 S Central Ave,"['Caterers', 'Personal Chefs', 'Pop-Up Restaurants']",5.0
257,America,https://www.yelp.com/biz/lakeshore-resort-restaurant-lakeshore?osq=food,Lakeshore Resort Restaurant,lakeshore-resort-restaurant-lakeshore,61953 Huntington Lake Rd,"['Burgers', 'Sandwiches', 'American (New)']",4.0
258,America,https://www.yelp.com/biz/seasons-bistro-and-tavern-shaver-lake?osq=food,Seasons Bistro and Tavern,seasons-bistro-and-tavern-shaver-lake,41830 Tollhouse Rd,['American (Traditional)'],4.5
259,America,https://www.yelp.com/biz/shorthorn-bar-and-grill-shaver-lake?osq=food,Shorthorn Bar and Grill,shorthorn-bar-and-grill-shaver-lake,41790 Dorabella Rd,"['Bars', 'Pool Halls', 'American (Traditional)']",4.0
260,America,https://www.yelp.com/biz/shaver-lake-pub-n-grub-shaver-lake?osq=food,Shaver Lake Pub N Grub,shaver-lake-pub-n-grub-shaver-lake,41782 Dorabella Rd,"['Pubs', 'American (Traditional)']",4.0
261,America,https://www.yelp.com/biz/lakeshore-resort-saloon-lakeshore?osq=food,Lakeshore Resort Saloon,lakeshore-resort-saloon-lakeshore,61953 Huntington Lake Rd,"['Sports Bars', 'Dive Bars', 'American (Traditional)']",4.0
262,America,https://www.yelp.com/biz/epic-cafe-june-lake?osq=food,Epic Cafe,epic-cafe-june-lake,2758 Boulder Dr,['Sandwiches'],5.0
263,America,https://www.yelp.com/biz/hungry-hut-shaver-lake?osq=food,Hungry Hut,hungry-hut-shaver-lake,42008 Tollhouse Rd,"['Burgers', 'Sandwiches']",3.5
264,America,https://www.yelp.com/biz/down-to-earth-bakery-and-deli-at-the-big-creek-general-store-big-creek?osq=food,Down To Earth Bakery And Deli At The Big Creek General Store,down-to-earth-bakery-and-deli-at-the-big-creek-general-store-big-creek,55083 Point Rd,['Bakeries'],5.0
265,America,https://www.yelp.com/biz/smokehouse-41-oakhurst?osq=food,Smokehouse 41,smokehouse-41-oakhurst,40713 Hwy 41,"['Barbeque', 'Smokehouse', 'Sandwiches']",4.5
266,America,https://www.yelp.com/biz/south-gate-brewing-company-oakhurst-4?osq=food,South Gate Brewing Company,south-gate-brewing-company-oakhurst-4,40233 Enterprise Dr,"['American (Traditional)', 'Sandwiches', 'Brewpubs']",4.0
267,America,https://www.yelp.com/biz/denver-biscuit-co-denver-17?osq=food,Denver Biscuit Co.,denver-biscuit-co-denver-17,3237 E Colfax Ave,"['Sandwiches', 'Breakfast & Brunch']",4.5
268,America,https://www.yelp.com/biz/lucky-noodles-denver?osq=food,Lucky Noodles,lucky-noodles-denver,1201 E Colfax Ave,['Thai'],4.5
269,America,https://www.yelp.com/biz/work-and-class-denver?osq=food,Work & Class,work-and-class-denver,2500 Larimer St,"['American (New)', 'Latin American', 'Cocktail Bars']",4.5
270,America,https://www.yelp.com/biz/mister-oso-denver?osq=food,Mister Oso,mister-oso-denver,3163 Larimer St,"['Tacos', 'Cocktail Bars', 'Latin American']",4.5
271,America,https://www.yelp.com/biz/little-beast-street-food-denver?osq=food,Little Beast Street Food,little-beast-street-food-denver,2730 E Colfax Ave,"['Korean', 'Chicken Wings', 'Sandwiches']",5.0
272,America,https://www.yelp.com/biz/snooze-an-a-m-eatery-denver-12?osq=food,"Snooze, an A.M. Eatery",snooze-an-a-m-eatery-denver-12,2262 Larimer St,"['Breakfast & Brunch', 'Sandwiches', 'American (Traditional)']",4.5
273,America,https://www.yelp.com/biz/steubens-uptown-denver?osq=food,Steuben’s Uptown,steubens-uptown-denver,523 E 17th Ave,"['Diners', 'Breakfast & Brunch', 'Cocktail Bars']",4.0
274,America,https://www.yelp.com/biz/mono-mono-kfc-denver?osq=food,Mono Mono KFC,mono-mono-kfc-denver,1550 Blake St,"['Korean', 'Burgers', 'Salad']",4.5
275,America,https://www.yelp.com/biz/birdcall-denver?osq=food,Birdcall,birdcall-denver,800 E 26th Ave,"['Chicken Shop', 'Sandwiches', 'Breakfast & Brunch']",4.5
276,America,https://www.yelp.com/biz/slaters-50-50-denver?osq=food,Slater’s 50/50,slaters-50-50-denver,3600 Blake St,"['Burgers', 'Beer Bar']",4.5
277,America,https://www.yelp.com/biz/howling-hot-chicken-bridgeport?osq=food,Howling Hot Chicken,howling-hot-chicken-bridgeport,4615 Main St,['Chicken Shop'],4.0
278,America,https://www.yelp.com/biz/pho-hong-thom-bridgeport?osq=food,Pho Hong Thom,pho-hong-thom-bridgeport,48 Wood Ave,['Vietnamese'],4.5
279,America,https://www.yelp.com/biz/trap-chicken-bridgeport-2?osq=food,Trap Chicken,trap-chicken-bridgeport-2,500 Park Ave,"['Seafood', 'American (Traditional)']",4.5
280,America,https://www.yelp.com/biz/black-rock-social-house-bridgeport?osq=food,Black Rock Social House,black-rock-social-house-bridgeport,2895 Fairfield Ave,"['Gluten-Free', 'Gastropubs', 'Comfort Food']",5.0
281,America,https://www.yelp.com/biz/eat-noodle-bridgeport?osq=food,Eat Noodle,eat-noodle-bridgeport,269 Fairfield Ave,"['Noodles', 'Cocktail Bars', 'Ramen']",4.5
282,America,https://www.yelp.com/biz/terra-brasilis-restaurant-bridgeport-bridgeport-2?osq=food,Terra Brasilis Restaurant - Bridgeport,terra-brasilis-restaurant-bridgeport-bridgeport-2,1282 North Ave,['Brazilian'],4.5
283,America,https://www.yelp.com/biz/el-coquito-bridgeport?osq=food,El Coquito,el-coquito-bridgeport,510 E Main St,"['Ice Cream & Frozen Yogurt', 'Latin American']",4.5
284,America,https://www.yelp.com/biz/madison-deli-bridgeport?osq=food,Madison Deli,madison-deli-bridgeport,1032 Madison Ave,['Delis'],5.0
285,America,https://www.yelp.com/biz/rum-and-tequilla-fusion-bridgeport?osq=food,Rum And Tequilla Fusion,rum-and-tequilla-fusion-bridgeport,211 State St,"['Caribbean', 'Bars', 'Mexican']",4.5
286,America,https://www.yelp.com/biz/rico-mac-taco-bridgeport?osq=food,Rico Mac Taco,rico-mac-taco-bridgeport,,"['Food Trucks', 'Tacos']",5.0
287,America,https://www.yelp.com/biz/world-famous-house-of-mac-miami-2?osq=food,World Famous House of Mac,world-famous-house-of-mac-miami-2,2055 NW 2nd Ave,"['Soul Food', 'American (New)', 'Chicken Wings']",4.5
288,America,https://www.yelp.com/biz/bacon-bitch-miami-beach?osq=food,Bacon Bitch,bacon-bitch-miami-beach,1001 Collins Ave,"['Sandwiches', 'American (New)', 'Breakfast & Brunch']",4.0
289,America,https://www.yelp.com/biz/al-amir-miami?osq=food,Al-Amir,al-amir-miami,6420 SW 40th St,['Lebanese'],5.0
290,America,https://www.yelp.com/biz/no-manches-que-rico-west-miami-2?osq=food,No manches que rico,no-manches-que-rico-west-miami-2,6212 SW 8th St,['Tacos'],4.0
291,America,https://www.yelp.com/biz/tacos-and-tattoos-miami-3?osq=food,Tacos & Tattoos,tacos-and-tattoos-miami-3,7360 SW 41st St,['Mexican'],4.0
292,America,https://www.yelp.com/biz/taqueria-los-potrillos-miami-2?osq=food,Taqueria Los Potrillos,taqueria-los-potrillos-miami-2,3937 NW 7th St,['Mexican'],4.5
293,America,https://www.yelp.com/biz/whisk-gourmet-food-and-catering-miami-2?osq=food,WHISK Gourmet Food & Catering,whisk-gourmet-food-and-catering-miami-2,7382 SW 56th Ave,['American (New)'],4.5
294,America,https://www.yelp.com/biz/kush-miami-2?osq=food,Kush,kush-miami-2,2003 N Miami Ave,"['Burgers', 'American (New)', 'Beer Bar']",4.5
295,America,https://www.yelp.com/biz/xochimex-cantina-grill-miami-2?osq=food,Xochimex Cantina Grill,xochimex-cantina-grill-miami-2,5761 NW 7th St,"['Tex-Mex', 'Mexican']",4.0
296,America,https://www.yelp.com/biz/mkt-kitchen-miami?osq=food,MKT Kitchen,mkt-kitchen-miami,1831 Ponce De Leon Blvd,"['Breakfast & Brunch', 'American (Traditional)', 'Sandwiches']",5.0
297,America,https://www.yelp.com/biz/fork-boise?osq=food,Fork,fork-boise,199 N 8th St,"['American (New)', 'Breakfast & Brunch', 'Burgers']",4.0
298,America,https://www.yelp.com/biz/louisianas-soul-bayou-boise?osq=food,Louisiana’s Soul Bayou,louisianas-soul-bayou-boise,7609 W Overland Rd,['Cajun/Creole'],5.0
299,America,https://www.yelp.com/biz/trillium-boise-2?osq=food,Trillium,trillium-boise-2,,['American (New)'],4.5
300,America,https://www.yelp.com/biz/tangos-subs-and-empanadas-boise-3?osq=food,Tango’s Subs and Empanadas,tangos-subs-and-empanadas-boise-3,701 N Orchard St,"['Argentine', 'Empanadas']",4.5
301,America,https://www.yelp.com/biz/bittercreek-alehouse-boise-2?osq=food,Bittercreek Alehouse,bittercreek-alehouse-boise-2,246 N 8th St,"['Bars', 'Gastropubs', 'Sandwiches']",4.5
302,America,https://www.yelp.com/biz/boise-pie-co-boise?osq=food,Boise Pie Co,boise-pie-co-boise,1216 N Orchard St,"['Desserts', 'Sandwiches']",4.5
303,America,https://www.yelp.com/biz/lemon-tree-boise-4?osq=food,Lemon Tree,lemon-tree-boise-4,224 N 10th St,['Sandwiches'],4.5
304,America,https://www.yelp.com/biz/tupelo-honey-boise?osq=food,Tupelo Honey,tupelo-honey-boise,150 N 8th St,"['Southern', 'American (New)', 'Breakfast & Brunch']",4.0
305,America,https://www.yelp.com/biz/the-basque-market-boise?osq=food,The Basque Market,the-basque-market-boise,608 W Grove St,"['Specialty Food', 'Tapas Bars', 'Basque']",4.5
306,America,https://www.yelp.com/biz/the-ranch-scottish-highland-burgers-boise?osq=food,The Ranch Scottish Highland Burgers,the-ranch-scottish-highland-burgers-boise,6935 W Overland Rd,['Burgers'],4.5
307,America,https://www.yelp.com/biz/quesabirria-jalisco-restaurant-chicago-2?osq=food,Quesabirria Jalisco Restaurant,quesabirria-jalisco-restaurant-chicago-2,7200 West Addison,['Mexican'],5.0
308,America,https://www.yelp.com/biz/the-perch-chicago?osq=food,The Perch,the-perch-chicago,1932 W Division,"['Breweries', 'American (New)']",4.5
309,America,https://www.yelp.com/biz/takorea-cocina-chicago-2?osq=food,Takorea Cocina,takorea-cocina-chicago-2,1022 N Western,"['Korean', 'Tacos']",4.5
310,America,https://www.yelp.com/biz/landbirds-chicago?osq=food,Landbirds,landbirds-chicago,2532 N California Ave,"['Chicken Wings', 'Asian Fusion']",4.5
311,America,https://www.yelp.com/biz/the-little-pickle-chicago?osq=food,The Little Pickle,the-little-pickle-chicago,3703 W Fullerton Ave,['Sandwiches'],5.0
312,America,https://www.yelp.com/biz/en-hakkore-2-0-chicago-15?osq=food,En Hakkore 2.0,en-hakkore-2-0-chicago-15,1467 N Milwaukee Ave,"['Asian Fusion', 'Poke', 'Sushi Bars']",4.5
313,America,https://www.yelp.com/biz/amaru-chicago?osq=food,Amaru,amaru-chicago,1904 W N Ave,"['Latin American', 'Caribbean', 'Cocktail Bars']",5.0
314,America,https://www.yelp.com/biz/lucys-chicago?osq=food,Lucy’s,lucys-chicago,1043 N California Ave,['American (Traditional)'],4.0
315,America,https://www.yelp.com/biz/phodega-chicago?osq=food,Phodega,phodega-chicago,1547 N Ashland Ave,"['Vietnamese', 'Hainan', 'Noodles']",4.5
316,America,https://www.yelp.com/biz/urbanbelly-chicago-26?osq=food,Urbanbelly,urbanbelly-chicago-26,1542 N Damen Ave,"['Asian Fusion', 'Ramen']",4.0
317,America,https://www.yelp.com/biz/katsu-sando-los-angeles?osq=food,Katsu Sando,katsu-sando-los-angeles,736 N Broadway,"['Sandwiches', 'Japanese Curry']",4.5
318,America,https://www.yelp.com/biz/dumpling-house-los-angeles-2?osq=food,Dumpling House,dumpling-house-los-angeles-2,3525 W 3rd St,"['Korean', 'Dim Sum', 'Noodles']",4.0
319,America,https://www.yelp.com/biz/fat-sals-deli-hollywood-los-angeles?osq=food,Fat Sal’s Deli - Hollywood,fat-sals-deli-hollywood-los-angeles,1300 N Highland Ave,"['Sandwiches', 'Burgers']",4.0
320,America,https://www.yelp.com/biz/guss-world-famous-fried-chicken-los-angeles?osq=food,Gus’s World Famous Fried Chicken,guss-world-famous-fried-chicken-los-angeles,1262 Crenshaw Blvd,"['Southern', 'Chicken Shop', 'Comfort Food']",4.0
321,America,https://www.yelp.com/biz/super-rich-echo-park?osq=food,Super Rich,super-rich-echo-park,1814 W Sunset Blvd,['Japanese'],4.5
322,America,https://www.yelp.com/biz/crispy-school-los-angeles?osq=food,Crispy School,crispy-school-los-angeles,526 S Occidental Blvd,"['Burgers', 'American (New)']",5.0
323,America,https://www.yelp.com/biz/bootleg-pizza-los-angeles-4?osq=food,Bootleg Pizza,bootleg-pizza-los-angeles-4,5504 W Pico Blvd,['Pizza'],4.5
324,America,https://www.yelp.com/biz/lowkey-burrito-los-angeles-2?osq=food,Lowkey Burrito,lowkey-burrito-los-angeles-2,2748 W 8th St,"['Mexican', 'Food Stands']",4.5
325,America,https://www.yelp.com/biz/eggslut-los-angeles-10?osq=food,Eggslut,eggslut-los-angeles-10,8500 Beverly Blvd,"['Breakfast & Brunch', 'Sandwiches']",3.5
326,America,https://www.yelp.com/biz/larchmont-village-wine-spirits-and-cheese-los-angeles?osq=food,Larchmont Village Wine Spirits & Cheese,larchmont-village-wine-spirits-and-cheese-los-angeles,223 N Larchmont Blvd,"['Beer, Wine & Spirits', 'Sandwiches', 'Cheese Shops']",4.5
327,America,https://www.yelp.com/biz/ekiben-baltimore-3?osq=food,Ekiben,ekiben-baltimore-3,1622 Eastern Ave,"['Asian Fusion', 'Sandwiches']",4.5
328,America,https://www.yelp.com/biz/charming-elephant-baltimore?osq=food,Charming Elephant,charming-elephant-baltimore,2324 Boston St,['Laotian'],4.5
329,America,https://www.yelp.com/biz/cocina-luchadoras-baltimore?osq=food,Cocina Luchadoras,cocina-luchadoras-baltimore,253 S Broadway St,['Mexican'],4.5
330,America,https://www.yelp.com/biz/blk-swan-baltimore?osq=food,BLK SWAN,blk-swan-baltimore,1302 Fleet St,"['American (New)', 'Cocktail Bars']",4.5
331,America,https://www.yelp.com/biz/mount-vernon-marketplace-baltimore-2?osq=food,Mount Vernon Marketplace,mount-vernon-marketplace-baltimore-2,520 Park Ave,['Food Court'],4.5
332,America,https://www.yelp.com/biz/nihao-baltimore-2?osq=food,NiHao,nihao-baltimore-2,2322 Boston St,['Chinese'],4.5
333,America,https://www.yelp.com/biz/blue-moon-cafe-baltimore?osq=food,Blue Moon Cafe,blue-moon-cafe-baltimore,1621 Aliceanna St,"['Breakfast & Brunch', 'American (Traditional)']",4.0
334,America,https://www.yelp.com/biz/the-local-fry-baltimore-6?osq=food,The Local Fry,the-local-fry-baltimore-6,711 W 40th St,"['American (Traditional)', 'Chicken Wings', 'Korean']",4.5
335,America,https://www.yelp.com/biz/clark-burger-baltimore-3?osq=food,Clark Burger,clark-burger-baltimore-3,415 S Central Ave,"['Burgers', 'Poutineries']",4.5
336,America,https://www.yelp.com/biz/halo-hawaiian-bbq-and-poke-bar-arbutus?osq=food,Halo Hawaiian BBQ & Poke Bar,halo-hawaiian-bbq-and-poke-bar-arbutus,5201 E Dr,"['Barbeque', 'Hawaiian', 'Poke']",5.0
337,America,https://www.yelp.com/biz/taqueria-el-rey-detroit?osq=food,Taqueria El Rey,taqueria-el-rey-detroit,4730 W Vernor Hwy,"['Mexican', 'Beer Bar', 'Seafood']",4.5
338,America,https://www.yelp.com/biz/condado-tacos-detroit-2?osq=food,Condado Tacos,condado-tacos-detroit-2,634 Selden St,"['Bars', 'Tacos']",4.0
339,America,https://www.yelp.com/biz/ima-detroit-2?osq=food,ima,ima-detroit-2,4870 Cass Ave,"['Ramen', 'Noodles', 'Soup']",4.5
340,America,https://www.yelp.com/biz/selden-standard-detroit?osq=food,Selden Standard,selden-standard-detroit,3921 2nd Ave,"['American (New)', 'Breakfast & Brunch', 'Sandwiches']",4.5
341,America,https://www.yelp.com/biz/babo-detroit?osq=food,Babo,babo-detroit,15 E Kirby St,"['American (New)', 'Breakfast & Brunch']",4.5
342,America,https://www.yelp.com/biz/detroit-shipping-company-detroit-2?osq=food,Detroit Shipping Company,detroit-shipping-company-detroit-2,474 Peterboro St,"['Beer Gardens', 'Food Court']",4.0
343,America,https://www.yelp.com/biz/baobab-fare-detroit?osq=food,Baobab Fare,baobab-fare-detroit,6568 Woodward Ave,"['Coffee & Tea', 'African', 'Juice Bars & Smoothies']",5.0
344,America,https://www.yelp.com/biz/frita-batidos-detroit?osq=food,Frita Batidos,frita-batidos-detroit,66 W Columbia St,"['Burgers', 'Cuban']",4.5
345,America,https://www.yelp.com/biz/dime-store-detroit-4?osq=food,Dime Store,dime-store-detroit-4,719 Griswold St,"['Breakfast & Brunch', 'American (New)', 'Diners']",4.5
346,America,https://www.yelp.com/biz/ima-detroit?osq=food,ima,ima-detroit,2015 Michigan Ave,"['Noodles', 'Soup']",4.5
347,America,https://www.yelp.com/biz/just-us-e-a-t-ery-saint-paul?osq=food,Just/​​Us ​E​a​​t​ery​,just-us-e-a-t-ery-saint-paul,275 4th St E,"['Asian Fusion', 'Thai']",4.5
348,America,https://www.yelp.com/biz/handsome-hog-st-paul?osq=food,Handsome Hog,handsome-hog-st-paul,173 Western Ave N,"['Southern', 'Waffles', 'Cocktail Bars']",4.0
349,America,https://www.yelp.com/biz/magic-noodle-saint-paul-4?osq=food,Magic Noodle,magic-noodle-saint-paul-4,1337 University Ave W,"['Chinese', 'Noodles']",4.0
350,America,https://www.yelp.com/biz/arirang-korea-restaurant-saint-paul?osq=food,Arirang Korea Restaurant,arirang-korea-restaurant-saint-paul,828 E 7th St,['Korean'],4.0
351,America,https://www.yelp.com/biz/revival-st-paul-saint-paul?osq=food,Revival - St. Paul,revival-st-paul-saint-paul,525 Selby Ave,"['Southern', 'Desserts', 'Burgers']",4.0
352,America,https://www.yelp.com/biz/degidios-restaurant-and-bar-saint-paul?osq=food,DeGidio’s Restaurant & Bar,degidios-restaurant-and-bar-saint-paul,425 7th St W,['Italian'],4.5
353,America,https://www.yelp.com/biz/nashville-coop-saint-paul?osq=food,Nashville Coop,nashville-coop-saint-paul,300 Snelling Ave S,"['Chicken Shop', 'Burgers']",4.0
354,America,https://www.yelp.com/biz/red-cow-saint-paul-saint-paul?osq=food,Red Cow - Saint Paul,red-cow-saint-paul-saint-paul,393 Selby Ave,"['Burgers', 'Wine Bars', 'American (New)']",4.5
355,America,https://www.yelp.com/biz/tongue-in-cheek-saint-paul?osq=food,Tongue In Cheek,tongue-in-cheek-saint-paul,989 Payne Ave,['American (New)'],4.5
356,America,https://www.yelp.com/biz/the-buttered-tin-saint-paul?osq=food,The Buttered Tin,the-buttered-tin-saint-paul,237 7th St E,"['Bakeries', 'Breakfast & Brunch', 'Cafes']",4.0
357,America,https://www.yelp.com/biz/the-yard-newark-newark?osq=food,The Yard - Newark,the-yard-newark-newark,55 Park Pl,"['American (Traditional)', 'Burgers', 'Sandwiches']",5.0
358,America,https://www.yelp.com/biz/go-go-curry-newark-newark?osq=food,Go Go Curry Newark,go-go-curry-newark-newark,1 William Street,"['Japanese Curry', 'Comfort Food']",5.0
359,America,https://www.yelp.com/biz/casa-d-paco-newark?osq=food,Casa d’Paco,casa-d-paco-newark,73 Warwick St,"['Spanish', 'Tapas Bars', 'Wine Bars']",4.5
360,America,https://www.yelp.com/biz/mercato-tomato-pie-newark?osq=food,Mercato Tomato Pie,mercato-tomato-pie-newark,212 Market St,"['Pizza', 'Italian']",4.0
361,America,https://www.yelp.com/biz/tops-diner-east-newark?osq=food,Tops Diner,tops-diner-east-newark,500 Passaic Ave,"['Diners', 'Desserts', 'Breakfast & Brunch']",4.5
362,America,https://www.yelp.com/biz/darios-restaurant-newark?osq=food,Dario’s Restaurant,darios-restaurant-newark,20 Academy St,['Mexican'],4.5
363,America,https://www.yelp.com/biz/sabor-unido-newark?osq=food,Sabor Unido,sabor-unido-newark,77 Jefferson St,"['Portuguese', 'Brazilian']",4.5
364,America,https://www.yelp.com/biz/la-cocina-newark-3?osq=food,La Cocina,la-cocina-newark-3,61 New St,['Latin American'],4.5
365,America,https://www.yelp.com/biz/kebab-house-newark?osq=food,Kebab House,kebab-house-newark,260 Washington St,"['Halal', 'Kebab']",4.5
366,America,https://www.yelp.com/biz/hobbys-delicatessen-and-restaurant-newark?osq=food,Hobby’s Delicatessen & Restaurant,hobbys-delicatessen-and-restaurant-newark,32 Branford Pl,['Delis'],4.5
367,America,https://www.yelp.com/biz/time-out-market-new-york-brooklyn?osq=food,Time Out Market New York,time-out-market-new-york-brooklyn,55 Water St,['Food Court'],3.5
368,America,https://www.yelp.com/biz/clinton-st-baking-company-brooklyn?osq=food,Clinton St. Baking Company,clinton-st-baking-company-brooklyn,55 Water St,"['Breakfast & Brunch', 'Food Stands']",3.5
369,America,https://www.yelp.com/biz/landhaus-new-york-3?osq=food,Landhaus,landhaus-new-york-3,3-99 New Dock St,['Sandwiches'],4.0
370,America,https://www.yelp.com/biz/b-and-b-restaurant-corporation-new-york?osq=food,B&B Restaurant Corporation,b-and-b-restaurant-corporation-new-york,165 West 26th St,"['African', 'Caribbean']",4.5
371,America,https://www.yelp.com/biz/roys-fish-market-new-york?osq=food,Roy’s Fish Market,roys-fish-market-new-york,1138 1st Ave,"['Seafood Markets', 'Sushi Bars']",4.5
372,America,https://www.yelp.com/biz/red-bowl-new-york?osq=food,Red Bowl,red-bowl-new-york,158 Hester St,"['Dim Sum', 'Specialty Food']",4.5
373,America,https://www.yelp.com/biz/smorgasburg-prospect-park-breeze-hill-2?osq=food,Smorgasburg - Prospect Park,smorgasburg-prospect-park-breeze-hill-2,Prospect Park,['Street Vendors'],4.5
374,America,https://www.yelp.com/biz/duckedup-new-york?osq=food,Duckedup,duckedup-new-york,139 Ludlow St,['Dim Sum'],4.5
375,America,https://www.yelp.com/biz/williamsburg-bagel-brooklyn?osq=food,Williamsburg Bagel,williamsburg-bagel-brooklyn,343 Roebling St,"['Cafes', 'Breakfast & Brunch', 'Bagels']",4.0
376,America,https://www.yelp.com/biz/we-rub-you-brooklyn?osq=food,We Rub You,we-rub-you-brooklyn,141 Flushing Ave Bldg 77,"['Barbeque', 'Korean']",5.0
377,America,https://www.yelp.com/biz/budd-dairy-food-hall-columbus?osq=food,Budd Dairy Food Hall,budd-dairy-food-hall-columbus,1086 N 4th St,['Food Court'],4.5
378,America,https://www.yelp.com/biz/hanks-texas-bbq-columbus?osq=food,Hank’s Texas BBQ,hanks-texas-bbq-columbus,2941 N High St,"['Barbeque', 'Salad', 'Sandwiches']",5.0
379,America,https://www.yelp.com/biz/boni-filipino-street-food-columbus?osq=food,Boni: Filipino Street Food,boni-filipino-street-food-columbus,1086 N Fourth St,['Filipino'],5.0
380,America,https://www.yelp.com/biz/warios-beef-and-pork-columbus?osq=food,Warios Beef and Pork,warios-beef-and-pork-columbus,111 W Nationwide Blvd,"['Cheesesteaks', 'Sandwiches']",5.0
381,America,https://www.yelp.com/biz/the-jerk-joint-columbus?osq=food,The Jerk Joint,the-jerk-joint-columbus,1205 N High St,['Caribbean'],5.0
382,America,https://www.yelp.com/biz/los-agavez-taqueria-columbus?osq=food,Los Agavez Taqueria,los-agavez-taqueria-columbus,,"['Mexican', 'Food Trucks']",5.0
383,America,https://www.yelp.com/biz/hot-chicken-takeover-columbus?osq=food,Hot Chicken Takeover,hot-chicken-takeover-columbus,59 Spruce St,['Chicken Shop'],4.5
384,America,https://www.yelp.com/biz/ajs-birria-tacos-columbus?osq=food,AJ’s Birria Tacos,ajs-birria-tacos-columbus,3689 W Broad St,"['Food Trucks', 'Tacos']",5.0
385,America,https://www.yelp.com/biz/ninja-grill-columbus?osq=food,Ninja Grill,ninja-grill-columbus,9 East Lane Ave,['Japanese'],4.5
386,America,https://www.yelp.com/biz/tiger-lily-columbus?osq=food,Tiger + Lily,tiger-lily-columbus,19 E Gay St,"['Asian Fusion', 'Japanese', 'Chinese']",4.0
387,America,https://www.yelp.com/biz/screen-door-eastside-portland?osq=food,Screen Door - Eastside,screen-door-eastside-portland,2337 E Burnside St,"['Southern', 'Cajun/Creole', 'Breakfast & Brunch']",4.5
388,America,https://www.yelp.com/biz/pine-state-biscuits-portland-2?osq=food,Pine State Biscuits,pine-state-biscuits-portland-2,2204 NE Alberta St,"['Southern', 'Breakfast & Brunch', 'Sandwiches']",4.5
389,America,https://www.yelp.com/biz/nongs-khao-man-gai-portland-2?osq=food,Nong’s Khao Man Gai,nongs-khao-man-gai-portland-2,609 Se Ankeny St,"['Thai', 'Chicken Shop', 'Cocktail Bars']",4.5
390,America,https://www.yelp.com/biz/luc-lac-portland-7?osq=food,Luc Lac,luc-lac-portland-7,835 SW 2nd Ave,"['Vietnamese', 'Tapas/Small Plates', 'Cocktail Bars']",4.0
391,America,https://www.yelp.com/biz/the-bulgogi-dukuhbee-noodles-portland?osq=food,The Bulgogi DuKuhBee Noodles,the-bulgogi-dukuhbee-noodles-portland,4232 NE Sandy Blvd,['Korean'],4.5
392,America,https://www.yelp.com/biz/bao-bao-portland-2?osq=food,Bao Bao,bao-bao-portland-2,545 NE Couch St,"['Dim Sum', 'Comfort Food']",4.5
393,America,https://www.yelp.com/biz/stretch-the-noodle-portland-3?osq=food,Stretch the Noodle,stretch-the-noodle-portland-3,232 SW Washington St,"['Noodles', 'Chinese', 'Food Stands']",4.5
394,America,https://www.yelp.com/biz/pine-street-market-portland-3?osq=food,Pine Street Market,pine-street-market-portland-3,126 SW 2nd Ave,['Food Court'],4.5
395,America,https://www.yelp.com/biz/the-observatory-portland?osq=food,The Observatory,the-observatory-portland,8115 SE Stark St,"['American (New)', 'Lounges']",4.5
396,America,https://www.yelp.com/biz/obon-shokudo-portland?osq=food,Obon Shokudo,obon-shokudo-portland,722 SE 10th Ave,"['Japanese', 'Vegan', 'Comfort Food']",5.0
397,America,https://www.yelp.com/biz/huda-philadelphia?osq=food,Huda,huda-philadelphia,32 S 18th St,['Sandwiches'],5.0
398,America,https://www.yelp.com/biz/kusina-philly-philadelphia?osq=food,Kusina Philly,kusina-philly-philadelphia,4612 Woodland Ave,"['Filipino', 'Desserts']",5.0
399,America,https://www.yelp.com/biz/love-and-honey-fried-chicken-philadelphia-2?osq=food,Love & Honey Fried Chicken,love-and-honey-fried-chicken-philadelphia-2,1100 N Front St,"['Chicken Shop', 'Chicken Wings', 'Sandwiches']",4.5
400,America,https://www.yelp.com/biz/dalessandro-s-steaks-and-hoagies-philadelphia?osq=food,Dalessandro’s Steaks & Hoagies,dalessandro-s-steaks-and-hoagies-philadelphia,600 Wendover St,"['Sandwiches', 'Cheesesteaks']",4.5
401,America,https://www.yelp.com/biz/reading-terminal-market-philadelphia?osq=food,Reading Terminal Market,reading-terminal-market-philadelphia,51 N 12th St,"['Food Court', 'Public Markets']",4.5
402,America,https://www.yelp.com/biz/lukes-lobster-rittenhouse-philadelphia?osq=food,Luke’s Lobster Rittenhouse,lukes-lobster-rittenhouse-philadelphia,130 S 17th St,['Seafood'],4.5
403,America,https://www.yelp.com/biz/harpers-garden-philadelphia?osq=food,Harper’s Garden,harpers-garden-philadelphia,31 S 18th St,"['American (New)', 'Tapas/Small Plates', 'Cocktail Bars']",4.0
404,America,https://www.yelp.com/biz/barbuzzo-philadelphia?osq=food,Barbuzzo,barbuzzo-philadelphia,110 S 13th St,"['Mediterranean', 'Pizza', 'Italian']",4.5
405,America,https://www.yelp.com/biz/tina-s-tacos-philadelphia?osq=food,Tina’s tacos,tina-s-tacos-philadelphia,2327 E York St,"['Tacos', 'Bars']",3.0
406,America,https://www.yelp.com/biz/bao-nine-philadelphia?osq=food,Bao Nine,bao-nine-philadelphia,38 S 19th St,"['Taiwanese', 'Asian Fusion']",4.5
407,America,https://www.yelp.com/biz/kin-southern-table-bar-providence?osq=food,Kin Southern Table + Bar,kin-southern-table-bar-providence,71 Washington St,"['Soul Food', 'Southern']",4.5
408,America,https://www.yelp.com/biz/tori-tomo-providence?osq=food,Tori Tomo,tori-tomo-providence,69 Washington St,"['Ramen', 'Tapas/Small Plates']",4.5
409,America,https://www.yelp.com/biz/casa-azul-taqueria-providence?osq=food,Casa Azul Taqueria,casa-azul-taqueria-providence,890 Allens Ave,['Tacos'],5.0
410,America,https://www.yelp.com/biz/dune-brothers-providence?osq=food,Dune Brothers,dune-brothers-providence,239 Dyer St,"['American (New)', 'Seafood']",4.5
411,America,https://www.yelp.com/biz/los-andes-restaurant-providence?osq=food,Los Andes Restaurant,los-andes-restaurant-providence,903 Chalkstone Ave,"['Latin American', 'Peruvian']",4.5
412,America,https://www.yelp.com/biz/den-den-cafe-asiana-providence-2?osq=food,Den Den Cafe Asiana,den-den-cafe-asiana-providence-2,161 Benefit St,"['Korean', 'Japanese']",4.5
413,America,https://www.yelp.com/biz/bucktown-providence?osq=food,Bucktown,bucktown-providence,471 W Fountain St,"['Seafood', 'Southern', 'Sandwiches']",4.0
414,America,https://www.yelp.com/biz/hanju-kitchen-providence?osq=food,Hanju Kitchen,hanju-kitchen-providence,422 Atwells Ave,"['Korean', 'Cajun/Creole', 'Comfort Food']",4.5
415,America,https://www.yelp.com/biz/julians-providence?osq=food,Julians,julians-providence,318 Broadway,"['American (New)', 'Breakfast & Brunch', 'Beer Bar']",4.0
416,America,https://www.yelp.com/biz/rogue-island-local-kitchen-and-bar-providence-2?osq=food,Rogue Island Local Kitchen & Bar,rogue-island-local-kitchen-and-bar-providence-2,65 Weybosset St,"['American (New)', 'Bars', 'Breakfast & Brunch']",4.0
417,America,https://www.yelp.com/biz/southern-belly-bbq-columbia-4?osq=food,Southern Belly BBQ,southern-belly-bbq-columbia-4,819 Harden St,"['Barbeque', 'Dive Bars', 'Sandwiches']",4.5
418,America,https://www.yelp.com/biz/backstreets-grill-columbia?osq=food,Backstreets Grill,backstreets-grill-columbia,2400 Devine St,"['American (New)', 'Bars', 'Seafood']",4.5
419,America,https://www.yelp.com/biz/tacos-nayarit-columbia-4?osq=food,Tacos Nayarit,tacos-nayarit-columbia-4,1531 Percival Rd,['Mexican'],5.0
420,America,https://www.yelp.com/biz/rambo-s-fat-cat-biscuits-columbia?osq=food,Rambo’s Fat Cat Biscuits,rambo-s-fat-cat-biscuits-columbia,2430 Main St,"['Breakfast & Brunch', 'Coffee & Tea', 'Sandwiches']",4.5
421,America,https://www.yelp.com/biz/kairos-mediterranean-columbia?osq=food,Kairos Mediterranean,kairos-mediterranean-columbia,4600 Devine St,['Mediterranean'],4.5
422,America,https://www.yelp.com/biz/kimchi-korean-restaurant-columbia?osq=food,Kimchi-Korean Restaurant,kimchi-korean-restaurant-columbia,1807 Decker Blvd,['Korean'],4.5
423,America,https://www.yelp.com/biz/nothin-but-wings-columbia?osq=food,Nothin’ But Wings,nothin-but-wings-columbia,5911 Colonial Dr,"['Chicken Wings', 'American (Traditional)', 'Seafood']",4.5
424,America,https://www.yelp.com/biz/fusion-cocina-latina-columbia?osq=food,Fusion Cocina Latina,fusion-cocina-latina-columbia,1945 Decker Blvd,['Latin American'],4.5
425,America,https://www.yelp.com/biz/big-boys-original-smokehouse-columbia?osq=food,Big Boys Original Smokehouse,big-boys-original-smokehouse-columbia,8604 Farrow Rd,['Smokehouse'],4.5
426,America,https://www.yelp.com/biz/midwood-smokehouse-columbia?osq=food,Midwood Smokehouse,midwood-smokehouse-columbia,702 Cross Hill Rd,"['Barbeque', 'Smokehouse', 'American (Traditional)']",4.5
427,America,https://www.yelp.com/biz/the-cookshack-houston?osq=food,The Cookshack,the-cookshack-houston,4015 Washington Ave,"['Southern', 'Chicken Shop', 'Barbeque']",5.0
428,America,https://www.yelp.com/biz/bird-haus-houston?osq=food,Bird Haus,bird-haus-houston,1010 Prairie St,"['Sandwiches', 'Chicken Shop', 'Street Vendors']",4.5
429,America,https://www.yelp.com/biz/the-philly-joint-houston?osq=food,The Philly Joint,the-philly-joint-houston,2306 Brazos St,"['Cheesesteaks', 'Food Stands']",4.5
430,America,https://www.yelp.com/biz/the-rusty-krab-houston?osq=food,The Rusty Krab,the-rusty-krab-houston,711 Main St,"['Burgers', 'Pop-Up Restaurants', 'Bars']",1.5
431,America,https://www.yelp.com/biz/krisp-korean-fried-chicken-houston?osq=food,KRISP Korean Fried Chicken,krisp-korean-fried-chicken-houston,9486 Long Point Rd,"['Chicken Shop', 'Korean']",4.5
432,America,https://www.yelp.com/biz/main-chick-houston-2?osq=food,Main Chick,main-chick-houston-2,1731 Westheimer Rd,"['Chicken Shop', 'Food Trucks', 'Sandwiches']",4.0
433,America,https://www.yelp.com/biz/yoyos-hot-dog-houston-14?osq=food,Yoyo’s Hot Dog,yoyos-hot-dog-houston-14,2504 Amherst St,"['Hot Dogs', 'Food Stands']",4.5
434,America,https://www.yelp.com/biz/the-breakfast-klub-houston-2?osq=food,The Breakfast Klub,the-breakfast-klub-houston-2,3711 Travis St,"['Breakfast & Brunch', 'Southern', 'American (Traditional)']",4.5
435,America,https://www.yelp.com/biz/krazy-katsu-and-udon-houston-6?osq=food,Krazy Katsu & Udon,krazy-katsu-and-udon-houston-6,8401 Westheimer Rd,"['Japanese', 'Korean', 'Asian Fusion']",4.5
436,America,https://www.yelp.com/biz/house-of-fries-houston?osq=food,House of Fries,house-of-fries-houston,5322 Antoine Dr,"['Burgers', 'Sandwiches', 'Hot Dogs']",4.5
